dataset,days,ncol,nrow,config_train,alg,score,t_run_s, t_fitted,nfrostorig,ntrain,nfrostsmote,var,RMSE,r2,Sensitivity,Acc,Precision,Specificity
dacc-spring,1,34,1829,normal,local,ignore,0,0.002,NA,1243,NA,junin.temp_min_t,2.32,0.81,0.14,0.93,0.6,0.99
dacc-spring,1,34,1829,normal,local,ignore,0,0.001,NA,1243,NA,tunuyan.temp_min_t,3.23,0.67,0.58,0.86,0.84,0.96
dacc-spring,1,34,1829,normal,local,ignore,0,0.001,NA,1243,NA,agua_amarga.temp_min_t,2.59,0.72,0.25,0.91,0.58,0.98
dacc-spring,1,34,1829,normal,local,ignore,0,0.001,NA,1243,NA,las_paredes.temp_min_t,2.87,0.68,0.44,0.91,0.76,0.98
dacc-spring,1,34,1829,normal,local,ignore,0,0.001,NA,1243,NA,la_llave.temp_min_t,3.18,0.69,0.61,0.9,0.78,0.96
dacc-temp,1,20,5517,normal,local,ignore,0,0.002,NA,3751,NA,junin.temp_min_t,2.25,0.89,0.51,0.93,0.83,0.99
dacc-temp,1,20,5517,normal,local,ignore,0,0.001,NA,3751,NA,tunuyan.temp_min_t,2.95,0.84,0.75,0.88,0.85,0.94
dacc-temp,1,20,5517,normal,local,ignore,0,0.001,NA,3751,NA,agua_amarga.temp_min_t,2.4,0.86,0.55,0.91,0.79,0.98
dacc-temp,1,20,5517,normal,local,ignore,0,0.001,NA,3751,NA,las_paredes.temp_min_t,3.08,0.8,0.58,0.9,0.82,0.97
dacc,1,35,5517,normal,local,ignore,0,0.002,NA,3751,NA,junin.temp_min_t,2.18,0.91,0.43,0.92,0.9,0.99
dacc-temp,1,20,5517,normal,local,ignore,0,0.001,NA,3751,NA,la_llave.temp_min_t,3.2,0.82,0.65,0.88,0.79,0.95
dacc,1,35,5517,normal,local,ignore,0,0.002,NA,3751,NA,tunuyan.temp_min_t,2.92,0.84,0.76,0.89,0.88,0.95
dacc,1,35,5517,normal,local,ignore,0,0.002,NA,3751,NA,agua_amarga.temp_min_t,2.32,0.87,0.49,0.91,0.81,0.98
dacc,1,35,5517,normal,local,ignore,0,0.002,NA,3751,NA,las_paredes.temp_min_t,2.9,0.83,0.53,0.9,0.87,0.98
dacc-spring,2,63,1828,normal,local,ignore,0,0.001,NA,1242,NA,junin.temp_min_t,2.24,0.81,0.19,0.94,0.73,0.99
dacc,1,35,5517,normal,local,ignore,0,0.002,NA,3751,NA,la_llave.temp_min_t,2.97,0.85,0.67,0.89,0.81,0.95
dacc-spring,2,63,1828,normal,local,ignore,0,0.002,NA,1242,NA,tunuyan.temp_min_t,3.11,0.69,0.6,0.86,0.83,0.96
dacc-spring,2,63,1828,normal,local,ignore,0,0.002,NA,1242,NA,agua_amarga.temp_min_t,2.51,0.73,0.29,0.92,0.67,0.98
dacc-spring,2,63,1828,normal,local,ignore,0,0.002,NA,1242,NA,las_paredes.temp_min_t,2.83,0.69,0.46,0.91,0.73,0.97
dacc-spring,2,63,1828,normal,local,ignore,0,0.002,NA,1242,NA,la_llave.temp_min_t,3.17,0.69,0.59,0.89,0.75,0.96
dacc-temp,2,35,5516,normal,local,ignore,0,0.001,NA,3750,NA,junin.temp_min_t,2.2,0.89,0.57,0.93,0.84,0.98
dacc-temp,2,35,5516,normal,local,ignore,0,0.001,NA,3750,NA,tunuyan.temp_min_t,2.93,0.84,0.76,0.88,0.85,0.94
dacc-temp,2,35,5516,normal,local,ignore,0,0.001,NA,3750,NA,agua_amarga.temp_min_t,2.33,0.87,0.54,0.91,0.77,0.97
dacc-temp,2,35,5516,normal,local,ignore,0,0.001,NA,3750,NA,las_paredes.temp_min_t,3,0.81,0.62,0.91,0.82,0.97
dacc-temp,2,35,5516,normal,local,ignore,0,0.001,NA,3750,NA,la_llave.temp_min_t,3.15,0.82,0.67,0.89,0.8,0.95
dacc,2,65,5516,normal,local,ignore,0,0.003,NA,3750,NA,junin.temp_min_t,2.08,0.91,0.48,0.93,0.89,0.99
dacc,2,65,5516,normal,local,ignore,0,0.003,NA,3750,NA,tunuyan.temp_min_t,2.78,0.86,0.79,0.9,0.88,0.95
dacc,2,65,5516,normal,local,ignore,0,0.003,NA,3750,NA,agua_amarga.temp_min_t,2.29,0.88,0.51,0.91,0.8,0.98
dacc,2,65,5516,normal,local,ignore,0,0.003,NA,3750,NA,las_paredes.temp_min_t,2.83,0.83,0.55,0.9,0.83,0.97
dacc,2,65,5516,normal,local,ignore,0,0.002,NA,3750,NA,la_llave.temp_min_t,2.91,0.85,0.69,0.9,0.82,0.96
dacc-spring,3,92,1827,normal,local,ignore,0,0.002,NA,1241,NA,junin.temp_min_t,2.25,0.81,0.19,0.94,0.73,0.99
dacc-temp,3,50,5515,normal,local,ignore,0,0.003,NA,3749,NA,junin.temp_min_t,2.2,0.89,0.56,0.93,0.83,0.98
dacc-spring,3,92,1827,normal,local,ignore,0,0.002,NA,1241,NA,tunuyan.temp_min_t,3.07,0.69,0.6,0.87,0.84,0.96
dacc-spring,3,92,1827,normal,local,ignore,0,0.002,NA,1241,NA,agua_amarga.temp_min_t,2.46,0.74,0.29,0.92,0.62,0.98
dacc-spring,3,92,1827,normal,local,ignore,0,0.002,NA,1241,NA,las_paredes.temp_min_t,2.82,0.69,0.47,0.91,0.76,0.98
dacc-spring,3,92,1827,normal,local,ignore,0,0.002,NA,1241,NA,la_llave.temp_min_t,3.14,0.7,0.65,0.91,0.79,0.96
dacc-temp,3,50,5515,normal,local,ignore,0,0.002,NA,3749,NA,tunuyan.temp_min_t,2.91,0.84,0.77,0.89,0.86,0.94
dacc-temp,3,50,5515,normal,local,ignore,0,0.002,NA,3749,NA,agua_amarga.temp_min_t,2.31,0.87,0.54,0.91,0.77,0.97
dacc-temp,3,50,5515,normal,local,ignore,0,0.002,NA,3749,NA,las_paredes.temp_min_t,2.97,0.81,0.63,0.91,0.83,0.97
dacc-temp,3,50,5515,normal,local,ignore,0,0.002,NA,3749,NA,la_llave.temp_min_t,3.12,0.83,0.67,0.89,0.79,0.95
dacc,3,95,5515,normal,local,ignore,0,0.005,NA,3749,NA,junin.temp_min_t,2.08,0.91,0.5,0.93,0.9,0.99
dacc,3,95,5515,normal,local,ignore,0,0.004,NA,3749,NA,tunuyan.temp_min_t,2.72,0.86,0.8,0.9,0.88,0.95
dacc,3,95,5515,normal,local,ignore,0,0.006,NA,3749,NA,agua_amarga.temp_min_t,2.27,0.88,0.5,0.91,0.79,0.98
dacc-spring,4,121,1826,normal,local,ignore,0,0.002,NA,1241,NA,junin.temp_min_t,2.25,0.81,0.21,0.94,0.64,0.99
dacc-spring,4,121,1826,normal,local,ignore,0,0.003,NA,1241,NA,tunuyan.temp_min_t,3.06,0.69,0.6,0.87,0.85,0.96
dacc-spring,4,121,1826,normal,local,ignore,0,0.003,NA,1241,NA,agua_amarga.temp_min_t,2.49,0.74,0.29,0.92,0.67,0.98
dacc-spring,4,121,1826,normal,local,ignore,0,0.003,NA,1241,NA,las_paredes.temp_min_t,2.82,0.69,0.47,0.9,0.71,0.97
dacc-spring,4,121,1826,normal,local,ignore,0,0.003,NA,1241,NA,la_llave.temp_min_t,3.14,0.7,0.62,0.9,0.76,0.96
dacc,3,95,5515,normal,local,ignore,0,0.004,NA,3749,NA,las_paredes.temp_min_t,2.8,0.84,0.59,0.9,0.84,0.97
dacc,3,95,5515,normal,local,ignore,0,0.004,NA,3749,NA,la_llave.temp_min_t,2.88,0.85,0.71,0.9,0.81,0.95
dacc-temp,4,65,5514,normal,local,ignore,0,0.003,NA,3749,NA,junin.temp_min_t,2.19,0.89,0.56,0.93,0.83,0.98
dacc-temp,4,65,5514,normal,local,ignore,0,0.002,NA,3749,NA,tunuyan.temp_min_t,2.9,0.84,0.77,0.88,0.85,0.94
dacc-temp,4,65,5514,normal,local,ignore,0,0.003,NA,3749,NA,agua_amarga.temp_min_t,2.31,0.87,0.54,0.91,0.77,0.97
dacc-temp,4,65,5514,normal,local,ignore,0,0.005,NA,3749,NA,las_paredes.temp_min_t,2.95,0.82,0.63,0.91,0.81,0.97
dacc-temp,4,65,5514,normal,local,ignore,0,0.003,NA,3749,NA,la_llave.temp_min_t,3.11,0.83,0.67,0.89,0.79,0.95
dacc,4,125,5514,normal,local,ignore,0,0.005,NA,3749,NA,junin.temp_min_t,2.05,0.91,0.53,0.93,0.89,0.99
dacc,4,125,5514,normal,local,ignore,0,0.005,NA,3749,NA,tunuyan.temp_min_t,2.69,0.86,0.8,0.9,0.88,0.95
dacc,4,125,5514,normal,local,ignore,0,0.005,NA,3749,NA,agua_amarga.temp_min_t,2.27,0.88,0.49,0.91,0.78,0.98
dacc,4,125,5514,normal,local,ignore,0,0.005,NA,3749,NA,las_paredes.temp_min_t,2.77,0.84,0.59,0.9,0.84,0.98
dacc,4,125,5514,normal,local,ignore,0,0.005,NA,3749,NA,la_llave.temp_min_t,2.85,0.86,0.71,0.9,0.81,0.95
dacc-spring,5,150,1825,normal,local,ignore,0,0.003,NA,1240,NA,junin.temp_min_t,2.25,0.81,0.19,0.93,0.62,0.99
dacc-spring,5,150,1825,normal,local,ignore,0,0.003,NA,1240,NA,tunuyan.temp_min_t,3.08,0.69,0.59,0.87,0.85,0.96
dacc-spring,5,150,1825,normal,local,ignore,0,0.003,NA,1240,NA,agua_amarga.temp_min_t,2.48,0.74,0.31,0.92,0.71,0.99
dacc-spring,5,150,1825,normal,local,ignore,0,0.004,NA,1240,NA,las_paredes.temp_min_t,2.82,0.69,0.47,0.91,0.72,0.97
dacc-spring,5,150,1825,normal,local,ignore,0,0.003,NA,1240,NA,la_llave.temp_min_t,3.15,0.69,0.63,0.9,0.77,0.96
dacc-temp,5,80,5513,normal,local,ignore,0,0.004,NA,3748,NA,junin.temp_min_t,2.19,0.89,0.58,0.93,0.84,0.98
dacc-temp,5,80,5513,normal,local,ignore,0,0.003,NA,3748,NA,tunuyan.temp_min_t,2.9,0.84,0.77,0.89,0.86,0.94
dacc-temp,5,80,5513,normal,local,ignore,0,0.003,NA,3748,NA,agua_amarga.temp_min_t,2.3,0.87,0.55,0.91,0.77,0.97
dacc-temp,5,80,5513,normal,local,ignore,0,0.003,NA,3748,NA,las_paredes.temp_min_t,2.95,0.82,0.63,0.9,0.8,0.97
dacc-temp,5,80,5513,normal,local,ignore,0,0.003,NA,3748,NA,la_llave.temp_min_t,3.1,0.83,0.68,0.89,0.79,0.95
dacc,5,155,5513,normal,local,ignore,0,0.007,NA,3748,NA,junin.temp_min_t,2.03,0.91,0.54,0.93,0.88,0.99
dacc,5,155,5513,normal,local,ignore,0,0.007,NA,3748,NA,tunuyan.temp_min_t,2.68,0.86,0.81,0.91,0.88,0.95
dacc,5,155,5513,normal,local,ignore,0,0.009,NA,3748,NA,agua_amarga.temp_min_t,2.28,0.88,0.51,0.91,0.79,0.98
dacc,5,155,5513,normal,local,ignore,0,0.007,NA,3748,NA,las_paredes.temp_min_t,2.76,0.84,0.59,0.9,0.83,0.97
dacc,5,155,5513,normal,local,ignore,0,0.009,NA,3748,NA,la_llave.temp_min_t,2.84,0.86,0.74,0.9,0.81,0.95
dacc-spring,1,34,1829,smote,local,ignore,0,0.001,118,1003,472,junin.temp_min_t,2.29,0.8,0.33,0.94,0.64,0.99
dacc-temp,1,20,5517,smote,local,ignore,0,0.002,390,3315,1560,junin.temp_min_t,2.25,0.89,0.7,0.94,0.78,0.97
dacc,1,35,5517,smote,local,ignore,0,0.002,390,3315,1560,junin.temp_min_t,2.07,0.91,0.59,0.94,0.86,0.99
dacc-spring,1,34,1829,smote,local,ignore,0,0.001,348,2958,1392,tunuyan.temp_min_t,3.22,0.66,0.66,0.87,0.82,0.95
dacc-spring,1,34,1829,smote,local,ignore,0,0.001,163,1385,652,agua_amarga.temp_min_t,2.66,0.72,0.44,0.92,0.63,0.97
dacc-spring,1,34,1829,smote,local,ignore,0,0.001,216,1836,864,las_paredes.temp_min_t,3.02,0.67,0.56,0.9,0.64,0.95
dacc-spring,1,34,1829,smote,local,ignore,0,0.001,242,2057,968,la_llave.temp_min_t,3.29,0.68,0.71,0.89,0.69,0.93
dacc-temp,1,20,5517,smote,local,ignore,0,0.002,1057,8984,4228,tunuyan.temp_min_t,2.94,0.84,0.79,0.88,0.83,0.93
dacc-spring,2,63,1828,smote,local,ignore,0,0.001,118,1003,472,junin.temp_min_t,2.24,0.81,0.42,0.94,0.6,0.98
dacc-temp,1,20,5517,smote,local,ignore,0,0.001,496,4216,1984,agua_amarga.temp_min_t,2.4,0.86,0.63,0.92,0.74,0.96
dacc-spring,2,63,1828,smote,local,ignore,0,0.002,347,2949,1388,tunuyan.temp_min_t,3.11,0.68,0.67,0.87,0.82,0.95
dacc-temp,1,20,5517,smote,local,ignore,0,0.001,567,4819,2268,las_paredes.temp_min_t,3.13,0.8,0.71,0.9,0.73,0.94
dacc,1,35,5517,smote,local,ignore,0,0.003,1057,8984,4228,tunuyan.temp_min_t,2.88,0.84,0.81,0.9,0.87,0.94
dacc-spring,2,63,1828,smote,local,ignore,0,0.002,163,1385,652,agua_amarga.temp_min_t,2.55,0.73,0.42,0.92,0.57,0.97
dacc-spring,2,63,1828,smote,local,ignore,0,0.002,216,1836,864,las_paredes.temp_min_t,2.94,0.69,0.59,0.9,0.63,0.95
dacc-temp,1,20,5517,smote,local,ignore,0,0.001,698,5933,2792,la_llave.temp_min_t,3.24,0.82,0.76,0.89,0.75,0.93
dacc,1,35,5517,smote,local,ignore,0,0.002,496,4216,1984,agua_amarga.temp_min_t,2.28,0.87,0.6,0.91,0.75,0.97
dacc-spring,2,63,1828,smote,local,ignore,0,0.002,242,2057,968,la_llave.temp_min_t,3.3,0.68,0.72,0.89,0.67,0.93
dacc-temp,2,35,5516,smote,local,ignore,0,0.007,390,3315,1560,junin.temp_min_t,2.2,0.89,0.71,0.94,0.77,0.97
dacc-spring,3,92,1827,smote,local,ignore,0,0.002,118,1003,472,junin.temp_min_t,2.3,0.8,0.44,0.95,0.7,0.99
dacc,1,35,5517,smote,local,ignore,0,0.002,567,4819,2268,las_paredes.temp_min_t,2.88,0.83,0.64,0.9,0.79,0.96
dacc-spring,3,92,1827,smote,local,ignore,0,0.003,347,2949,1388,tunuyan.temp_min_t,3.05,0.69,0.68,0.87,0.81,0.94
dacc,1,35,5517,smote,local,ignore,0,0.002,698,5933,2792,la_llave.temp_min_t,2.97,0.84,0.77,0.89,0.76,0.93
dacc-spring,3,92,1827,smote,local,ignore,0,0.002,163,1385,652,agua_amarga.temp_min_t,2.57,0.72,0.44,0.92,0.62,0.97
dacc-spring,3,92,1827,smote,local,ignore,0,0.002,216,1836,864,las_paredes.temp_min_t,2.99,0.68,0.6,0.89,0.59,0.94
dacc-temp,2,35,5516,smote,local,ignore,0,0.003,1057,8984,4228,tunuyan.temp_min_t,2.92,0.84,0.8,0.89,0.83,0.93
dacc,2,65,5516,smote,local,ignore,0,0.002,390,3315,1560,junin.temp_min_t,1.99,0.91,0.66,0.94,0.85,0.98
dacc-spring,3,92,1827,smote,local,ignore,0,0.003,242,2057,968,la_llave.temp_min_t,3.22,0.7,0.73,0.9,0.69,0.93
dacc-temp,2,35,5516,smote,local,ignore,0,0.002,496,4216,1984,agua_amarga.temp_min_t,2.35,0.87,0.65,0.91,0.72,0.96
dacc-spring,4,121,1826,smote,local,ignore,0,0.002,119,1011,476,junin.temp_min_t,2.26,0.8,0.29,0.93,0.57,0.98
dacc-temp,2,35,5516,smote,local,ignore,0,0.002,567,4819,2268,las_paredes.temp_min_t,3.05,0.81,0.71,0.9,0.72,0.94
dacc-spring,4,121,1826,smote,local,ignore,0,0.005,348,2958,1392,tunuyan.temp_min_t,3.03,0.7,0.67,0.87,0.81,0.94
dacc-temp,2,35,5516,smote,local,ignore,0,0.002,698,5933,2792,la_llave.temp_min_t,3.2,0.82,0.78,0.89,0.75,0.93
dacc-spring,4,121,1826,smote,local,ignore,0,0.003,163,1385,652,agua_amarga.temp_min_t,2.58,0.72,0.44,0.92,0.62,0.97
dacc-spring,4,121,1826,smote,local,ignore,0,0.003,217,1844,868,las_paredes.temp_min_t,2.97,0.69,0.64,0.9,0.61,0.94
dacc-temp,3,50,5515,smote,local,ignore,0,0.002,390,3315,1560,junin.temp_min_t,2.23,0.89,0.72,0.94,0.75,0.97
dacc-spring,4,121,1826,smote,local,ignore,0,0.003,243,2065,972,la_llave.temp_min_t,3.26,0.69,0.73,0.9,0.7,0.94
dacc,2,65,5516,smote,local,ignore,0,0.187,1057,8984,4228,tunuyan.temp_min_t,2.74,0.86,0.83,0.9,0.86,0.94
dacc-spring,5,150,1825,smote,local,ignore,0,0.003,119,1011,476,junin.temp_min_t,2.3,0.8,0.48,0.94,0.65,0.98
dacc,2,65,5516,smote,local,ignore,0,0.003,496,4216,1984,agua_amarga.temp_min_t,2.28,0.87,0.58,0.91,0.75,0.97
dacc-spring,5,150,1825,smote,local,ignore,0,0.006,348,2958,1392,tunuyan.temp_min_t,3.09,0.69,0.66,0.87,0.81,0.94
dacc-temp,3,50,5515,smote,local,ignore,0,0.007,1057,8984,4228,tunuyan.temp_min_t,2.9,0.84,0.81,0.89,0.83,0.93
dacc-spring,5,150,1825,smote,local,ignore,0,0.004,163,1385,652,agua_amarga.temp_min_t,2.64,0.71,0.44,0.91,0.52,0.96
dacc,2,65,5516,smote,local,ignore,0,0.003,567,4819,2268,las_paredes.temp_min_t,2.85,0.83,0.67,0.9,0.78,0.96
dacc-temp,3,50,5515,smote,local,ignore,0,0.002,496,4216,1984,agua_amarga.temp_min_t,2.33,0.87,0.67,0.92,0.73,0.96
dacc-spring,5,150,1825,smote,local,ignore,0,0.004,217,1844,868,las_paredes.temp_min_t,2.96,0.69,0.66,0.9,0.6,0.93
dacc-temp,3,50,5515,smote,local,ignore,0,0.002,567,4819,2268,las_paredes.temp_min_t,3.03,0.81,0.72,0.9,0.71,0.93
dacc-spring,5,150,1825,smote,local,ignore,0,0.005,243,2065,972,la_llave.temp_min_t,3.27,0.68,0.69,0.89,0.69,0.93
dacc,2,65,5516,smote,local,ignore,0,0.003,698,5933,2792,la_llave.temp_min_t,2.93,0.85,0.79,0.9,0.76,0.93
dacc-temp,3,50,5515,smote,local,ignore,0,0.003,698,5933,2792,la_llave.temp_min_t,3.17,0.83,0.79,0.89,0.74,0.92
dacc-temp,4,65,5514,smote,local,ignore,0,0.002,390,3315,1560,junin.temp_min_t,2.2,0.89,0.73,0.94,0.77,0.97
dacc,3,95,5515,smote,local,ignore,0,0.004,390,3315,1560,junin.temp_min_t,2.01,0.91,0.66,0.94,0.83,0.98
dacc-temp,4,65,5514,smote,local,ignore,0,0.005,1057,8984,4228,tunuyan.temp_min_t,2.91,0.84,0.81,0.89,0.82,0.92
dacc-temp,4,65,5514,smote,local,ignore,0,0.003,496,4216,1984,agua_amarga.temp_min_t,2.32,0.87,0.67,0.92,0.74,0.96
dacc,3,95,5515,smote,local,ignore,0,0.008,1057,8984,4228,tunuyan.temp_min_t,2.7,0.86,0.84,0.91,0.86,0.94
dacc-temp,4,65,5514,smote,local,ignore,0,0.003,567,4819,2268,las_paredes.temp_min_t,3.01,0.82,0.73,0.9,0.72,0.94
dacc,3,95,5515,smote,local,ignore,0,0.004,496,4216,1984,agua_amarga.temp_min_t,2.22,0.88,0.62,0.92,0.75,0.96
dacc-temp,4,65,5514,smote,local,ignore,0,0.003,698,5933,2792,la_llave.temp_min_t,3.16,0.83,0.78,0.89,0.74,0.92
dacc-temp,5,80,5513,smote,local,ignore,0,0.003,390,3315,1560,junin.temp_min_t,2.23,0.89,0.74,0.94,0.78,0.97
dacc,3,95,5515,smote,local,ignore,0,0.006,567,4819,2268,las_paredes.temp_min_t,2.82,0.83,0.67,0.9,0.77,0.96
dacc,3,95,5515,smote,local,ignore,0,0.005,698,5933,2792,la_llave.temp_min_t,2.89,0.85,0.8,0.9,0.77,0.93
dacc-temp,5,80,5513,smote,local,ignore,0,0.006,1057,8984,4228,tunuyan.temp_min_t,2.89,0.84,0.81,0.89,0.83,0.93
dacc-temp,5,80,5513,smote,local,ignore,0,0.003,496,4216,1984,agua_amarga.temp_min_t,2.33,0.87,0.66,0.92,0.74,0.96
dacc,4,125,5514,smote,local,ignore,0,0.005,390,3315,1560,junin.temp_min_t,2.01,0.91,0.71,0.94,0.81,0.98
dacc-temp,5,80,5513,smote,local,ignore,0,0.004,567,4819,2268,las_paredes.temp_min_t,3.01,0.82,0.74,0.9,0.73,0.94
dacc-temp,5,80,5513,smote,local,ignore,0,0.004,698,5933,2792,la_llave.temp_min_t,3.14,0.83,0.8,0.89,0.74,0.92
dacc,4,125,5514,smote,local,ignore,0,0.177,1057,8984,4228,tunuyan.temp_min_t,2.68,0.86,0.84,0.91,0.86,0.94
dacc,4,125,5514,smote,local,ignore,0,0.005,496,4216,1984,agua_amarga.temp_min_t,2.23,0.88,0.64,0.92,0.76,0.96
dacc,4,125,5514,smote,local,ignore,0,0.006,567,4819,2268,las_paredes.temp_min_t,2.81,0.84,0.73,0.91,0.75,0.95
dacc,4,125,5514,smote,local,ignore,0,0.007,698,5933,2792,la_llave.temp_min_t,2.87,0.86,0.81,0.9,0.76,0.93
dacc,5,155,5513,smote,local,ignore,0,0.015,390,3315,1560,junin.temp_min_t,2,0.91,0.7,0.94,0.8,0.98
dacc,5,155,5513,smote,local,ignore,0,0.041,1057,8984,4228,tunuyan.temp_min_t,2.67,0.87,0.85,0.91,0.85,0.93
dacc,5,155,5513,smote,local,ignore,0,0.007,496,4216,1984,agua_amarga.temp_min_t,2.24,0.88,0.61,0.91,0.74,0.96
dacc,5,155,5513,smote,local,ignore,0,0.008,567,4819,2268,las_paredes.temp_min_t,2.79,0.84,0.74,0.9,0.74,0.94
dacc,5,155,5513,smote,local,ignore,0,0.01,698,5933,2792,la_llave.temp_min_t,2.85,0.86,0.8,0.9,0.76,0.93
dacc-temp,1,20,5517,smote,hc,bic-g,1.049,0.012,390,3315,1560,junin.temp_min_t,2.16,0.9,0.75,0.94,0.77,0.97
dacc-spring,1,34,1829,smote,hc,bic-g,1.655,0.011,118,1003,472,junin.temp_min_t,2.38,0.78,0.44,0.93,0.56,0.97
dacc-temp,1,20,5517,smote,hc,bic-g,2.984,0.028,1057,8984,4228,tunuyan.temp_min_t,2.81,0.85,0.82,0.9,0.84,0.93
dacc-temp,1,20,5517,smote,hc,bic-g,1.131,0.013,496,4216,1984,agua_amarga.temp_min_t,2.34,0.87,0.75,0.92,0.7,0.95
dacc,1,35,5517,smote,hc,bic-g,8.842,0.035,390,3315,1560,junin.temp_min_t,2.08,0.91,0.62,0.94,0.83,0.98
dacc-spring,1,34,1829,smote,hc,bic-g,7.749,0.194,348,2958,1392,tunuyan.temp_min_t,3.21,0.68,0.73,0.87,0.77,0.92
dacc-temp,1,20,5517,smote,hc,bic-g,1.443,0.016,567,4819,2268,las_paredes.temp_min_t,2.98,0.82,0.75,0.9,0.71,0.93
dacc-spring,1,34,1829,smote,hc,bic-g,2.639,0.013,163,1385,652,agua_amarga.temp_min_t,2.86,0.7,0.6,0.91,0.51,0.94
dacc-temp,1,20,5517,smote,hc,bic-g,2.182,0.02,698,5933,2792,la_llave.temp_min_t,3.1,0.83,0.8,0.9,0.75,0.92
dacc-temp,1,20,5517,smote,hc,loglik-g,1.924,0.017,390,3315,1560,junin.temp_min_t,2.17,0.9,0.75,0.94,0.77,0.97
dacc-spring,1,34,1829,smote,hc,bic-g,3.62,0.017,216,1836,864,las_paredes.temp_min_t,3,0.68,0.59,0.9,0.64,0.95
dacc-spring,1,34,1829,smote,hc,bic-g,4.154,0.019,242,2057,968,la_llave.temp_min_t,3.57,0.66,0.74,0.88,0.62,0.9
dacc-temp,1,20,5517,smote,hc,loglik-g,5.041,0.043,1057,8984,4228,tunuyan.temp_min_t,2.82,0.85,0.83,0.9,0.84,0.93
dacc-temp,1,20,5517,smote,hc,loglik-g,2.461,0.022,496,4216,1984,agua_amarga.temp_min_t,2.26,0.88,0.78,0.92,0.72,0.95
dacc-spring,1,34,1829,smote,hc,loglik-g,6.113,0.023,118,1003,472,junin.temp_min_t,2.77,0.77,0.7,0.93,0.53,0.95
dacc-temp,1,20,5517,smote,hc,loglik-g,2.799,0.025,567,4819,2268,las_paredes.temp_min_t,3.01,0.82,0.75,0.9,0.71,0.93
dacc-temp,1,20,5517,smote,hc,loglik-g,3.465,0.029,698,5933,2792,la_llave.temp_min_t,3.1,0.83,0.79,0.89,0.74,0.92
dacc-temp,1,20,5517,smote,hc,aic-g,1.322,0.013,390,3315,1560,junin.temp_min_t,2.17,0.9,0.74,0.94,0.78,0.97
dacc-temp,1,20,5517,smote,hc,aic-g,7.085,0.039,1057,8984,4228,tunuyan.temp_min_t,2.83,0.85,0.82,0.9,0.84,0.93
dacc-temp,1,20,5517,smote,hc,aic-g,1.844,0.018,496,4216,1984,agua_amarga.temp_min_t,2.26,0.88,0.79,0.92,0.71,0.95
dacc-spring,1,34,1829,smote,hc,loglik-g,20.177,0.056,348,2958,1392,tunuyan.temp_min_t,3.16,0.68,0.7,0.87,0.78,0.93
dacc-temp,1,20,5517,smote,hc,aic-g,2.115,0.02,567,4819,2268,las_paredes.temp_min_t,3.04,0.82,0.75,0.9,0.7,0.93
dacc,1,35,5517,smote,hc,bic-g,37.796,0.121,1057,8984,4228,tunuyan.temp_min_t,2.74,0.86,0.82,0.91,0.87,0.94
dacc-temp,1,20,5517,smote,hc,aic-g,2.829,0.03,698,5933,2792,la_llave.temp_min_t,3.12,0.83,0.79,0.89,0.74,0.92
dacc-spring,1,34,1829,smote,hc,loglik-g,8.18,0.029,163,1385,652,agua_amarga.temp_min_t,2.71,0.73,0.62,0.91,0.54,0.95
dacc,1,35,5517,smote,hc,bic-g,12.579,0.045,496,4216,1984,agua_amarga.temp_min_t,2.09,0.9,0.71,0.93,0.76,0.96
dacc-temp,1,20,5517,smote,hc,bge,11.898,0.011,390,3315,1560,junin.temp_min_t,2.17,0.9,0.75,0.94,0.75,0.96
dacc-spring,1,34,1829,smote,hc,loglik-g,10.82,0.038,216,1836,864,las_paredes.temp_min_t,3.05,0.69,0.64,0.89,0.58,0.93
dacc,1,35,5517,smote,hc,bic-g,14.766,0.053,567,4819,2268,las_paredes.temp_min_t,2.78,0.84,0.72,0.9,0.73,0.94
dacc-spring,1,34,1829,smote,hc,loglik-g,12.115,0.04,242,2057,968,la_llave.temp_min_t,3.53,0.65,0.68,0.87,0.62,0.91
dacc-spring,1,34,1829,smote,hc,aic-g,3.311,0.015,118,1003,472,junin.temp_min_t,2.69,0.74,0.58,0.93,0.5,0.95
dacc-spring,1,34,1829,smote,hc,aic-g,15.77,0.121,348,2958,1392,tunuyan.temp_min_t,3.14,0.68,0.7,0.88,0.8,0.94
dacc,1,35,5517,smote,hc,bic-g,23.726,0.066,698,5933,2792,la_llave.temp_min_t,2.99,0.84,0.79,0.9,0.76,0.93
dacc-spring,1,34,1829,smote,hc,aic-g,6.17,0.02,163,1385,652,agua_amarga.temp_min_t,2.71,0.73,0.64,0.92,0.55,0.95
dacc-spring,1,34,1829,smote,hc,aic-g,6.7,0.026,216,1836,864,las_paredes.temp_min_t,3.27,0.65,0.68,0.87,0.52,0.9
dacc-temp,1,20,5517,smote,hc,bge,49.707,0.033,1057,8984,4228,tunuyan.temp_min_t,2.82,0.85,0.82,0.9,0.84,0.93
dacc-spring,1,34,1829,smote,hc,aic-g,7.524,0.028,242,2057,968,la_llave.temp_min_t,3.5,0.67,0.73,0.88,0.62,0.91
dacc,1,35,5517,smote,hc,loglik-g,29.738,0.084,390,3315,1560,junin.temp_min_t,2.04,0.91,0.65,0.94,0.8,0.98
dacc-temp,1,20,5517,smote,hc,bge,17.986,0.016,496,4216,1984,agua_amarga.temp_min_t,2.32,0.87,0.74,0.92,0.7,0.95
dacc-spring,1,34,1829,smote,hc,bge,27.679,0.018,118,1003,472,junin.temp_min_t,2.36,0.78,0.49,0.94,0.62,0.98
dacc-temp,1,20,5517,smote,hc,bge,22.743,0.022,567,4819,2268,las_paredes.temp_min_t,2.99,0.82,0.75,0.9,0.71,0.93
dacc-temp,1,20,5517,smote,hc,bge,27.41,0.022,698,5933,2792,la_llave.temp_min_t,3.1,0.83,0.79,0.89,0.75,0.92
dacc,1,35,5517,smote,hc,loglik-g,64.614,0.183,1057,8984,4228,tunuyan.temp_min_t,2.72,0.86,0.82,0.91,0.88,0.95
dacc,1,35,5517,smote,hc,loglik-g,27.71,0.083,496,4216,1984,agua_amarga.temp_min_t,2.11,0.89,0.7,0.92,0.75,0.96
dacc,1,35,5517,smote,hc,loglik-g,33.4,0.102,567,4819,2268,las_paredes.temp_min_t,2.87,0.84,0.75,0.9,0.71,0.93
dacc-spring,1,34,1829,smote,hc,bge,118.986,0.033,348,2958,1392,tunuyan.temp_min_t,3.14,0.68,0.65,0.87,0.83,0.95
dacc,1,35,5517,smote,hc,loglik-g,39.886,0.122,698,5933,2792,la_llave.temp_min_t,2.98,0.85,0.81,0.9,0.75,0.92
dacc-spring,1,34,1829,smote,hc,bge,45.458,0.015,163,1385,652,agua_amarga.temp_min_t,2.84,0.71,0.6,0.91,0.5,0.94
dacc,1,35,5517,smote,hc,aic-g,14.45,0.048,390,3315,1560,junin.temp_min_t,2.11,0.91,0.73,0.94,0.77,0.97
dacc,1,35,5517,smote,hc,aic-g,47.213,0.144,1057,8984,4228,tunuyan.temp_min_t,2.69,0.86,0.83,0.91,0.88,0.95
dacc-spring,1,34,1829,smote,hc,bge,65.487,0.021,216,1836,864,las_paredes.temp_min_t,3.14,0.69,0.69,0.9,0.61,0.93
dacc,1,35,5517,smote,hc,aic-g,18.611,0.06,496,4216,1984,agua_amarga.temp_min_t,2.13,0.89,0.73,0.92,0.73,0.95
dacc,1,35,5517,smote,hc,aic-g,24.826,0.071,567,4819,2268,las_paredes.temp_min_t,2.8,0.84,0.71,0.9,0.74,0.94
dacc-spring,1,34,1829,smote,hc,bge,67.376,0.022,242,2057,968,la_llave.temp_min_t,3.64,0.65,0.74,0.87,0.61,0.9
dacc,1,35,5517,smote,hc,aic-g,31.565,0.096,698,5933,2792,la_llave.temp_min_t,2.99,0.84,0.81,0.9,0.76,0.93
dacc,1,35,5517,smote,hc,bge,159.1,0.055,390,3315,1560,junin.temp_min_t,2.07,0.91,0.68,0.94,0.8,0.98
dacc,1,35,5517,smote,hc,bge,694.714,0.125,1057,8984,4228,tunuyan.temp_min_t,2.7,0.86,0.82,0.91,0.88,0.95
dacc,1,35,5517,smote,hc,bge,229.495,0.053,496,4216,1984,agua_amarga.temp_min_t,2.11,0.89,0.71,0.92,0.76,0.96
dacc,1,35,5517,smote,hc,bge,239.164,0.064,567,4819,2268,las_paredes.temp_min_t,2.83,0.84,0.74,0.9,0.73,0.94
dacc,1,35,5517,smote,hc,bge,328.549,0.071,698,5933,2792,la_llave.temp_min_t,2.96,0.85,0.8,0.9,0.76,0.93
dacc-temp,1,20,5517,smote,tabu,bic-g,1.107,0.011,390,3315,1560,junin.temp_min_t,2.17,0.9,0.75,0.94,0.76,0.97
dacc-spring,1,34,1829,smote,tabu,bic-g,1.882,0.011,118,1003,472,junin.temp_min_t,2.34,0.79,0.47,0.93,0.53,0.97
dacc-temp,1,20,5517,smote,tabu,bic-g,3.337,0.03,1057,8984,4228,tunuyan.temp_min_t,2.82,0.85,0.82,0.89,0.84,0.93
dacc-temp,1,20,5517,smote,tabu,bic-g,2.06,0.015,496,4216,1984,agua_amarga.temp_min_t,2.29,0.88,0.78,0.92,0.7,0.94
dacc,1,35,5517,smote,tabu,bic-g,9.884,0.037,390,3315,1560,junin.temp_min_t,2.02,0.91,0.64,0.94,0.85,0.98
dacc-spring,1,34,1829,smote,tabu,bic-g,8.463,0.031,348,2958,1392,tunuyan.temp_min_t,3.24,0.66,0.68,0.87,0.79,0.94
dacc-temp,1,20,5517,smote,tabu,bic-g,1.732,0.016,567,4819,2268,las_paredes.temp_min_t,2.99,0.82,0.75,0.9,0.72,0.93
dacc-spring,1,34,1829,smote,tabu,bic-g,2.967,0.013,163,1385,652,agua_amarga.temp_min_t,2.76,0.72,0.6,0.91,0.51,0.94
dacc-temp,1,20,5517,smote,tabu,bic-g,2.241,0.02,698,5933,2792,la_llave.temp_min_t,3.11,0.83,0.81,0.9,0.75,0.92
dacc-temp,1,20,5517,smote,tabu,loglik-g,2.051,0.017,390,3315,1560,junin.temp_min_t,2.17,0.9,0.75,0.94,0.75,0.96
dacc-spring,1,34,1829,smote,tabu,bic-g,3.758,0.018,216,1836,864,las_paredes.temp_min_t,2.81,0.71,0.65,0.91,0.67,0.95
dacc-spring,1,34,1829,smote,tabu,bic-g,5.424,0.021,242,2057,968,la_llave.temp_min_t,3.46,0.66,0.7,0.88,0.65,0.92
dacc-temp,1,20,5517,smote,tabu,loglik-g,5.647,0.044,1057,8984,4228,tunuyan.temp_min_t,2.82,0.85,0.82,0.9,0.84,0.93
dacc-temp,1,20,5517,smote,tabu,loglik-g,2.764,0.022,496,4216,1984,agua_amarga.temp_min_t,2.3,0.88,0.75,0.92,0.71,0.95
dacc-spring,1,34,1829,smote,tabu,loglik-g,7.047,0.023,118,1003,472,junin.temp_min_t,2.53,0.77,0.58,0.94,0.6,0.97
dacc-temp,1,20,5517,smote,tabu,loglik-g,3.13,0.025,567,4819,2268,las_paredes.temp_min_t,3.03,0.82,0.76,0.9,0.71,0.93
dacc-temp,1,20,5517,smote,tabu,loglik-g,4.957,0.029,698,5933,2792,la_llave.temp_min_t,3.11,0.83,0.79,0.89,0.75,0.92
dacc-temp,1,20,5517,smote,tabu,aic-g,1.615,0.014,390,3315,1560,junin.temp_min_t,2.16,0.9,0.74,0.94,0.77,0.97
dacc-temp,1,20,5517,smote,tabu,aic-g,4.892,0.038,1057,8984,4228,tunuyan.temp_min_t,2.83,0.85,0.82,0.9,0.85,0.93
dacc,1,35,5517,smote,tabu,bic-g,34.967,0.115,1057,8984,4228,tunuyan.temp_min_t,2.74,0.86,0.81,0.91,0.88,0.95
dacc-temp,1,20,5517,smote,tabu,aic-g,2.503,0.022,496,4216,1984,agua_amarga.temp_min_t,2.26,0.88,0.76,0.92,0.72,0.95
dacc-spring,1,34,1829,smote,tabu,loglik-g,19.44,0.155,348,2958,1392,tunuyan.temp_min_t,3.12,0.68,0.7,0.88,0.81,0.94
dacc-temp,1,20,5517,smote,tabu,aic-g,4.817,0.069,567,4819,2268,las_paredes.temp_min_t,2.97,0.82,0.75,0.9,0.73,0.94
dacc-temp,1,20,5517,smote,tabu,aic-g,4.49,0.033,698,5933,2792,la_llave.temp_min_t,3.12,0.83,0.81,0.9,0.75,0.92
dacc,1,35,5517,smote,tabu,bic-g,16.924,0.045,496,4216,1984,agua_amarga.temp_min_t,2.08,0.9,0.72,0.93,0.76,0.96
dacc-spring,1,34,1829,smote,tabu,loglik-g,14.293,0.042,163,1385,652,agua_amarga.temp_min_t,2.77,0.72,0.64,0.91,0.54,0.94
dacc-spring,1,34,1829,smote,tabu,loglik-g,14.674,0.049,216,1836,864,las_paredes.temp_min_t,3.18,0.68,0.68,0.9,0.6,0.93
dacc,1,35,5517,smote,tabu,bic-g,15.527,0.054,567,4819,2268,las_paredes.temp_min_t,2.85,0.84,0.74,0.9,0.73,0.94
dacc-temp,1,20,5517,smote,tabu,bge,23.73,0.023,390,3315,1560,junin.temp_min_t,2.17,0.9,0.74,0.94,0.76,0.97
dacc-spring,1,34,1829,smote,tabu,loglik-g,16.004,0.041,242,2057,968,la_llave.temp_min_t,3.64,0.64,0.66,0.87,0.6,0.91
dacc-spring,1,34,1829,smote,tabu,aic-g,4.244,0.02,118,1003,472,junin.temp_min_t,2.43,0.78,0.44,0.94,0.59,0.98
dacc,1,35,5517,smote,tabu,bic-g,22.568,0.067,698,5933,2792,la_llave.temp_min_t,3.1,0.84,0.8,0.89,0.73,0.92
dacc-spring,1,34,1829,smote,tabu,aic-g,16.812,0.054,348,2958,1392,tunuyan.temp_min_t,3.12,0.68,0.7,0.87,0.78,0.93
dacc-spring,1,34,1829,smote,tabu,aic-g,4.705,0.018,163,1385,652,agua_amarga.temp_min_t,2.67,0.74,0.67,0.91,0.54,0.94
dacc,1,35,5517,smote,tabu,loglik-g,25.359,0.067,390,3315,1560,junin.temp_min_t,2.12,0.9,0.68,0.94,0.79,0.97
dacc-spring,1,34,1829,smote,tabu,aic-g,6.738,0.026,216,1836,864,las_paredes.temp_min_t,3.12,0.69,0.67,0.89,0.56,0.92
dacc-spring,1,34,1829,smote,tabu,aic-g,7.634,0.027,242,2057,968,la_llave.temp_min_t,3.43,0.67,0.71,0.88,0.65,0.92
dacc-temp,1,20,5517,smote,tabu,bge,73.202,0.033,1057,8984,4228,tunuyan.temp_min_t,2.81,0.85,0.82,0.9,0.84,0.93
dacc-spring,1,34,1829,smote,tabu,bge,28.357,0.012,118,1003,472,junin.temp_min_t,2.39,0.78,0.4,0.94,0.59,0.98
dacc-temp,1,20,5517,smote,tabu,bge,17.848,0.015,496,4216,1984,agua_amarga.temp_min_t,2.36,0.87,0.72,0.91,0.69,0.95
dacc,1,35,5517,smote,tabu,loglik-g,62.866,0.172,1057,8984,4228,tunuyan.temp_min_t,2.68,0.86,0.82,0.91,0.89,0.95
dacc-temp,1,20,5517,smote,tabu,bge,25.402,0.018,567,4819,2268,las_paredes.temp_min_t,3.04,0.82,0.76,0.9,0.72,0.93
dacc,1,35,5517,smote,tabu,loglik-g,29.218,0.083,496,4216,1984,agua_amarga.temp_min_t,2.1,0.89,0.68,0.92,0.76,0.96
dacc-temp,1,20,5517,smote,tabu,bge,29.995,0.021,698,5933,2792,la_llave.temp_min_t,3.1,0.83,0.8,0.89,0.74,0.92
dacc,1,35,5517,smote,tabu,loglik-g,32.971,0.093,567,4819,2268,las_paredes.temp_min_t,2.87,0.84,0.74,0.9,0.73,0.94
dacc-spring,1,34,1829,smote,tabu,bge,124.359,0.039,348,2958,1392,tunuyan.temp_min_t,3.14,0.68,0.71,0.88,0.8,0.94
dacc,1,35,5517,smote,tabu,loglik-g,41.382,0.116,698,5933,2792,la_llave.temp_min_t,2.96,0.85,0.8,0.9,0.75,0.92
dacc,1,35,5517,smote,tabu,aic-g,15.092,0.049,390,3315,1560,junin.temp_min_t,2.1,0.91,0.73,0.94,0.79,0.97
dacc-spring,1,34,1829,smote,tabu,bge,51.079,0.016,163,1385,652,agua_amarga.temp_min_t,2.64,0.73,0.62,0.91,0.54,0.95
dacc,1,35,5517,smote,tabu,aic-g,50.714,0.133,1057,8984,4228,tunuyan.temp_min_t,2.71,0.86,0.82,0.91,0.88,0.95
dacc,1,35,5517,smote,tabu,aic-g,19.08,0.06,496,4216,1984,agua_amarga.temp_min_t,2.13,0.89,0.65,0.92,0.76,0.97
dacc,1,35,5517,smote,tabu,aic-g,23.493,0.069,567,4819,2268,las_paredes.temp_min_t,2.8,0.84,0.71,0.9,0.74,0.94
dacc-spring,1,34,1829,smote,tabu,bge,81.718,0.02,216,1836,864,las_paredes.temp_min_t,3.04,0.7,0.64,0.9,0.63,0.94
dacc,1,35,5517,smote,tabu,aic-g,29.081,0.087,698,5933,2792,la_llave.temp_min_t,2.97,0.85,0.8,0.9,0.76,0.93
dacc-spring,1,34,1829,smote,tabu,bge,82.39,0.023,242,2057,968,la_llave.temp_min_t,3.64,0.66,0.77,0.88,0.63,0.9
dacc,1,35,5517,smote,tabu,bge,185.785,0.043,390,3315,1560,junin.temp_min_t,2.07,0.91,0.77,0.95,0.79,0.97
dacc,1,35,5517,smote,tabu,bge,679.285,0.127,1057,8984,4228,tunuyan.temp_min_t,2.7,0.86,0.82,0.91,0.88,0.95
dacc,1,35,5517,smote,tabu,bge,219.705,0.052,496,4216,1984,agua_amarga.temp_min_t,2.11,0.89,0.71,0.92,0.74,0.96
dacc,1,35,5517,smote,tabu,bge,264.146,0.061,567,4819,2268,las_paredes.temp_min_t,2.95,0.83,0.75,0.9,0.72,0.94
dacc,1,35,5517,smote,tabu,bge,334.455,0.076,698,5933,2792,la_llave.temp_min_t,3.08,0.84,0.82,0.9,0.75,0.92
dacc-temp,1,20,5517,normal,tabu,bic-g,1.854,0.025,NA,3751,NA,junin.temp_min_t,2.17,0.9,0.55,0.93,0.84,0.99
dacc-temp,1,20,5517,normal,tabu,bic-g,1.854,0.025,NA,3751,NA,tunuyan.temp_min_t,2.86,0.85,0.76,0.88,0.85,0.94
dacc-temp,1,20,5517,normal,tabu,bic-g,1.854,0.025,NA,3751,NA,agua_amarga.temp_min_t,2.22,0.88,0.65,0.93,0.8,0.97
dacc-temp,1,20,5517,normal,tabu,bic-g,1.854,0.025,NA,3751,NA,las_paredes.temp_min_t,2.93,0.82,0.63,0.91,0.82,0.97
dacc-temp,1,20,5517,normal,tabu,bic-g,1.854,0.025,NA,3751,NA,la_llave.temp_min_t,3.09,0.83,0.66,0.89,0.8,0.95
dacc-spring,1,34,1829,normal,tabu,bic-g,3.537,0.019,NA,1243,NA,junin.temp_min_t,2.46,0.77,0.47,0.94,0.62,0.98
dacc-spring,1,34,1829,normal,tabu,bic-g,3.537,0.019,NA,1243,NA,tunuyan.temp_min_t,3.24,0.67,0.56,0.85,0.82,0.96
dacc-spring,1,34,1829,normal,tabu,bic-g,3.537,0.019,NA,1243,NA,agua_amarga.temp_min_t,2.51,0.74,0.55,0.92,0.58,0.96
dacc-spring,1,34,1829,normal,tabu,bic-g,3.537,0.019,NA,1243,NA,las_paredes.temp_min_t,2.77,0.71,0.36,0.9,0.8,0.99
dacc-spring,1,34,1829,normal,tabu,bic-g,3.537,0.019,NA,1243,NA,la_llave.temp_min_t,3.3,0.67,0.46,0.87,0.71,0.96
dacc-temp,1,20,5517,normal,tabu,loglik-g,4.213,0.026,NA,3751,NA,junin.temp_min_t,2.16,0.9,0.57,0.93,0.86,0.99
dacc-temp,1,20,5517,normal,tabu,loglik-g,4.213,0.026,NA,3751,NA,tunuyan.temp_min_t,2.83,0.85,0.77,0.89,0.85,0.94
dacc-temp,1,20,5517,normal,tabu,loglik-g,4.213,0.026,NA,3751,NA,agua_amarga.temp_min_t,2.26,0.88,0.61,0.92,0.78,0.97
dacc-temp,1,20,5517,normal,tabu,loglik-g,4.213,0.026,NA,3751,NA,las_paredes.temp_min_t,2.92,0.82,0.64,0.91,0.81,0.97
dacc-temp,1,20,5517,normal,tabu,loglik-g,4.213,0.026,NA,3751,NA,la_llave.temp_min_t,3.1,0.83,0.66,0.89,0.8,0.95
dacc-temp,1,20,5517,normal,tabu,aic-g,2.183,0.019,NA,3751,NA,junin.temp_min_t,2.15,0.9,0.57,0.93,0.85,0.99
dacc-temp,1,20,5517,normal,tabu,aic-g,2.183,0.019,NA,3751,NA,tunuyan.temp_min_t,2.83,0.85,0.77,0.89,0.85,0.94
dacc-temp,1,20,5517,normal,tabu,aic-g,2.183,0.019,NA,3751,NA,agua_amarga.temp_min_t,2.22,0.88,0.65,0.93,0.8,0.97
dacc-temp,1,20,5517,normal,tabu,aic-g,2.183,0.019,NA,3751,NA,las_paredes.temp_min_t,2.92,0.82,0.63,0.91,0.81,0.97
dacc-temp,1,20,5517,normal,tabu,aic-g,2.183,0.019,NA,3751,NA,la_llave.temp_min_t,3.09,0.83,0.66,0.89,0.8,0.95
dacc-spring,1,34,1829,normal,tabu,loglik-g,10.874,0.039,NA,1243,NA,junin.temp_min_t,2.42,0.78,0.56,0.94,0.59,0.97
dacc-spring,1,34,1829,normal,tabu,loglik-g,10.874,0.039,NA,1243,NA,tunuyan.temp_min_t,3.07,0.69,0.64,0.87,0.83,0.95
dacc-spring,1,34,1829,normal,tabu,loglik-g,10.874,0.039,NA,1243,NA,agua_amarga.temp_min_t,2.43,0.76,0.56,0.92,0.6,0.96
dacc-spring,1,34,1829,normal,tabu,loglik-g,10.874,0.039,NA,1243,NA,las_paredes.temp_min_t,2.92,0.68,0.59,0.9,0.65,0.95
dacc-spring,1,34,1829,normal,tabu,loglik-g,10.874,0.039,NA,1243,NA,la_llave.temp_min_t,3.36,0.66,0.6,0.88,0.66,0.94
dacc,1,35,5517,normal,tabu,bic-g,14.968,0.051,NA,3751,NA,junin.temp_min_t,2.14,0.91,0.53,0.93,0.87,0.99
dacc,1,35,5517,normal,tabu,bic-g,14.968,0.051,NA,3751,NA,tunuyan.temp_min_t,2.83,0.85,0.75,0.89,0.89,0.96
dacc,1,35,5517,normal,tabu,bic-g,14.968,0.051,NA,3751,NA,agua_amarga.temp_min_t,2.08,0.9,0.63,0.92,0.77,0.97
dacc,1,35,5517,normal,tabu,bic-g,14.968,0.051,NA,3751,NA,las_paredes.temp_min_t,2.77,0.84,0.6,0.9,0.81,0.97
dacc,1,35,5517,normal,tabu,bic-g,14.968,0.051,NA,3751,NA,la_llave.temp_min_t,2.93,0.85,0.72,0.9,0.8,0.95
dacc-spring,1,34,1829,normal,tabu,aic-g,6.154,0.025,NA,1243,NA,junin.temp_min_t,2.39,0.78,0.51,0.94,0.63,0.98
dacc-spring,1,34,1829,normal,tabu,aic-g,6.154,0.025,NA,1243,NA,tunuyan.temp_min_t,3.09,0.69,0.65,0.87,0.81,0.94
dacc-spring,1,34,1829,normal,tabu,aic-g,6.154,0.025,NA,1243,NA,agua_amarga.temp_min_t,2.45,0.75,0.53,0.92,0.57,0.96
dacc-spring,1,34,1829,normal,tabu,aic-g,6.154,0.025,NA,1243,NA,las_paredes.temp_min_t,2.87,0.69,0.5,0.9,0.66,0.96
dacc-spring,1,34,1829,normal,tabu,aic-g,6.154,0.025,NA,1243,NA,la_llave.temp_min_t,3.34,0.66,0.59,0.88,0.7,0.95
dacc-temp,1,20,5517,normal,tabu,bge,26.51,0.018,NA,3751,NA,junin.temp_min_t,2.15,0.9,0.57,0.93,0.85,0.99
dacc-temp,1,20,5517,normal,tabu,bge,26.51,0.018,NA,3751,NA,tunuyan.temp_min_t,2.85,0.85,0.76,0.88,0.85,0.94
dacc-temp,1,20,5517,normal,tabu,bge,26.51,0.018,NA,3751,NA,agua_amarga.temp_min_t,2.27,0.87,0.6,0.92,0.78,0.97
dacc-temp,1,20,5517,normal,tabu,bge,26.51,0.018,NA,3751,NA,las_paredes.temp_min_t,2.9,0.82,0.62,0.91,0.82,0.97
dacc-temp,1,20,5517,normal,tabu,bge,26.51,0.018,NA,3751,NA,la_llave.temp_min_t,3.09,0.83,0.66,0.89,0.8,0.95
dacc,1,35,5517,normal,tabu,loglik-g,31.953,0.095,NA,3751,NA,junin.temp_min_t,2.04,0.91,0.57,0.94,0.88,0.99
dacc,1,35,5517,normal,tabu,loglik-g,31.953,0.095,NA,3751,NA,tunuyan.temp_min_t,2.76,0.86,0.76,0.9,0.89,0.96
dacc,1,35,5517,normal,tabu,loglik-g,31.953,0.095,NA,3751,NA,agua_amarga.temp_min_t,2.08,0.89,0.62,0.92,0.77,0.97
dacc,1,35,5517,normal,tabu,loglik-g,31.953,0.095,NA,3751,NA,las_paredes.temp_min_t,2.75,0.84,0.61,0.9,0.81,0.97
dacc,1,35,5517,normal,tabu,loglik-g,31.953,0.095,NA,3751,NA,la_llave.temp_min_t,2.93,0.85,0.73,0.9,0.8,0.95
dacc-spring,1,34,1829,normal,tabu,bge,43.135,0.014,NA,1243,NA,junin.temp_min_t,2.4,0.78,0.47,0.94,0.67,0.98
dacc-spring,1,34,1829,normal,tabu,bge,43.135,0.014,NA,1243,NA,tunuyan.temp_min_t,3.21,0.66,0.58,0.85,0.81,0.95
dacc-spring,1,34,1829,normal,tabu,bge,43.135,0.014,NA,1243,NA,agua_amarga.temp_min_t,2.45,0.75,0.53,0.92,0.57,0.96
dacc-spring,1,34,1829,normal,tabu,bge,43.135,0.014,NA,1243,NA,las_paredes.temp_min_t,2.92,0.68,0.5,0.9,0.65,0.96
dacc-spring,1,34,1829,normal,tabu,bge,43.135,0.014,NA,1243,NA,la_llave.temp_min_t,3.39,0.66,0.59,0.87,0.65,0.93
dacc,1,35,5517,normal,tabu,aic-g,20.63,0.065,NA,3751,NA,junin.temp_min_t,2.07,0.91,0.6,0.94,0.85,0.99
dacc,1,35,5517,normal,tabu,aic-g,20.63,0.065,NA,3751,NA,tunuyan.temp_min_t,2.79,0.86,0.75,0.89,0.89,0.96
dacc,1,35,5517,normal,tabu,aic-g,20.63,0.065,NA,3751,NA,agua_amarga.temp_min_t,2.07,0.9,0.63,0.92,0.76,0.97
dacc,1,35,5517,normal,tabu,aic-g,20.63,0.065,NA,3751,NA,las_paredes.temp_min_t,2.77,0.84,0.6,0.9,0.8,0.97
dacc,1,35,5517,normal,tabu,aic-g,20.63,0.065,NA,3751,NA,la_llave.temp_min_t,2.94,0.85,0.73,0.9,0.79,0.94
dacc,1,35,5517,normal,tabu,bge,179.791,0.044,NA,3751,NA,junin.temp_min_t,2.09,0.91,0.54,0.93,0.87,0.99
dacc,1,35,5517,normal,tabu,bge,179.791,0.044,NA,3751,NA,tunuyan.temp_min_t,2.82,0.86,0.74,0.89,0.9,0.96
dacc,1,35,5517,normal,tabu,bge,179.791,0.044,NA,3751,NA,agua_amarga.temp_min_t,2.08,0.9,0.62,0.92,0.76,0.97
dacc,1,35,5517,normal,tabu,bge,179.791,0.044,NA,3751,NA,las_paredes.temp_min_t,2.77,0.84,0.6,0.9,0.81,0.97
dacc,1,35,5517,normal,tabu,bge,179.791,0.044,NA,3751,NA,la_llave.temp_min_t,2.93,0.85,0.72,0.9,0.8,0.95
dacc-temp,1,20,5517,normal,hc,bic-g,1.159,0.012,NA,3751,NA,junin.temp_min_t,2.17,0.9,0.55,0.93,0.84,0.99
dacc-temp,1,20,5517,normal,hc,bic-g,1.159,0.012,NA,3751,NA,tunuyan.temp_min_t,2.86,0.85,0.76,0.88,0.85,0.94
dacc-temp,1,20,5517,normal,hc,bic-g,1.159,0.012,NA,3751,NA,agua_amarga.temp_min_t,2.22,0.88,0.65,0.93,0.8,0.97
dacc-temp,1,20,5517,normal,hc,bic-g,1.159,0.012,NA,3751,NA,las_paredes.temp_min_t,2.93,0.82,0.63,0.91,0.82,0.97
dacc-temp,1,20,5517,normal,hc,bic-g,1.159,0.012,NA,3751,NA,la_llave.temp_min_t,3.09,0.83,0.66,0.89,0.8,0.95
dacc-spring,1,34,1829,normal,hc,bic-g,2.349,0.013,NA,1243,NA,junin.temp_min_t,2.46,0.77,0.47,0.94,0.62,0.98
dacc-spring,1,34,1829,normal,hc,bic-g,2.349,0.013,NA,1243,NA,tunuyan.temp_min_t,3.24,0.67,0.56,0.85,0.82,0.96
dacc-spring,1,34,1829,normal,hc,bic-g,2.349,0.013,NA,1243,NA,agua_amarga.temp_min_t,2.51,0.74,0.55,0.92,0.58,0.96
dacc-spring,1,34,1829,normal,hc,bic-g,2.349,0.013,NA,1243,NA,las_paredes.temp_min_t,2.77,0.71,0.36,0.9,0.8,0.99
dacc-spring,1,34,1829,normal,hc,bic-g,2.349,0.013,NA,1243,NA,la_llave.temp_min_t,3.3,0.67,0.46,0.87,0.71,0.96
dacc-temp,1,20,5517,normal,hc,loglik-g,2.299,0.02,NA,3751,NA,junin.temp_min_t,2.16,0.9,0.57,0.93,0.86,0.99
dacc-temp,1,20,5517,normal,hc,loglik-g,2.299,0.02,NA,3751,NA,tunuyan.temp_min_t,2.83,0.85,0.77,0.89,0.85,0.94
dacc-temp,1,20,5517,normal,hc,loglik-g,2.299,0.02,NA,3751,NA,agua_amarga.temp_min_t,2.26,0.88,0.6,0.92,0.78,0.97
dacc-temp,1,20,5517,normal,hc,loglik-g,2.299,0.02,NA,3751,NA,las_paredes.temp_min_t,2.92,0.82,0.64,0.91,0.81,0.97
dacc-temp,1,20,5517,normal,hc,loglik-g,2.299,0.02,NA,3751,NA,la_llave.temp_min_t,3.1,0.83,0.66,0.89,0.8,0.95
dacc-temp,1,20,5517,normal,hc,aic-g,1.44,0.018,NA,3751,NA,junin.temp_min_t,2.15,0.9,0.57,0.93,0.85,0.99
dacc-temp,1,20,5517,normal,hc,aic-g,1.44,0.018,NA,3751,NA,tunuyan.temp_min_t,2.83,0.85,0.77,0.89,0.85,0.94
dacc-temp,1,20,5517,normal,hc,aic-g,1.44,0.018,NA,3751,NA,agua_amarga.temp_min_t,2.22,0.88,0.65,0.93,0.8,0.97
dacc-temp,1,20,5517,normal,hc,aic-g,1.44,0.018,NA,3751,NA,las_paredes.temp_min_t,2.92,0.82,0.63,0.91,0.81,0.97
dacc-temp,1,20,5517,normal,hc,aic-g,1.44,0.018,NA,3751,NA,la_llave.temp_min_t,3.09,0.83,0.66,0.89,0.8,0.95
dacc-spring,1,34,1829,normal,hc,loglik-g,7.26,0.027,NA,1243,NA,junin.temp_min_t,2.42,0.78,0.56,0.94,0.59,0.97
dacc-spring,1,34,1829,normal,hc,loglik-g,7.26,0.027,NA,1243,NA,tunuyan.temp_min_t,3.07,0.69,0.64,0.87,0.83,0.95
dacc-spring,1,34,1829,normal,hc,loglik-g,7.26,0.027,NA,1243,NA,agua_amarga.temp_min_t,2.43,0.76,0.56,0.92,0.6,0.96
dacc-spring,1,34,1829,normal,hc,loglik-g,7.26,0.027,NA,1243,NA,las_paredes.temp_min_t,2.92,0.68,0.59,0.9,0.65,0.95
dacc-spring,1,34,1829,normal,hc,loglik-g,7.26,0.027,NA,1243,NA,la_llave.temp_min_t,3.36,0.66,0.6,0.88,0.66,0.94
dacc,1,35,5517,normal,hc,bic-g,11.089,0.044,NA,3751,NA,junin.temp_min_t,2.14,0.91,0.53,0.93,0.87,0.99
dacc,1,35,5517,normal,hc,bic-g,11.089,0.044,NA,3751,NA,tunuyan.temp_min_t,2.83,0.85,0.75,0.89,0.89,0.96
dacc,1,35,5517,normal,hc,bic-g,11.089,0.044,NA,3751,NA,agua_amarga.temp_min_t,2.08,0.9,0.63,0.92,0.77,0.97
dacc,1,35,5517,normal,hc,bic-g,11.089,0.044,NA,3751,NA,las_paredes.temp_min_t,2.77,0.84,0.6,0.9,0.81,0.97
dacc,1,35,5517,normal,hc,bic-g,11.089,0.044,NA,3751,NA,la_llave.temp_min_t,2.93,0.85,0.72,0.9,0.8,0.95
dacc-spring,1,34,1829,normal,hc,aic-g,3.99,0.017,NA,1243,NA,junin.temp_min_t,2.39,0.78,0.51,0.94,0.63,0.98
dacc-spring,1,34,1829,normal,hc,aic-g,3.99,0.017,NA,1243,NA,tunuyan.temp_min_t,3.09,0.69,0.65,0.87,0.81,0.94
dacc-spring,1,34,1829,normal,hc,aic-g,3.99,0.017,NA,1243,NA,agua_amarga.temp_min_t,2.45,0.75,0.53,0.92,0.57,0.96
dacc-spring,1,34,1829,normal,hc,aic-g,3.99,0.017,NA,1243,NA,las_paredes.temp_min_t,2.87,0.69,0.5,0.9,0.66,0.96
dacc-spring,1,34,1829,normal,hc,aic-g,3.99,0.017,NA,1243,NA,la_llave.temp_min_t,3.34,0.66,0.59,0.88,0.7,0.95
dacc-temp,1,20,5517,normal,hc,bge,12.944,0.013,NA,3751,NA,junin.temp_min_t,2.15,0.9,0.57,0.93,0.85,0.99
dacc-temp,1,20,5517,normal,hc,bge,12.944,0.013,NA,3751,NA,tunuyan.temp_min_t,2.85,0.85,0.76,0.88,0.85,0.94
dacc-temp,1,20,5517,normal,hc,bge,12.944,0.013,NA,3751,NA,agua_amarga.temp_min_t,2.27,0.87,0.6,0.92,0.78,0.97
dacc-temp,1,20,5517,normal,hc,bge,12.944,0.013,NA,3751,NA,las_paredes.temp_min_t,2.9,0.82,0.62,0.91,0.82,0.97
dacc-temp,1,20,5517,normal,hc,bge,12.944,0.013,NA,3751,NA,la_llave.temp_min_t,3.09,0.83,0.66,0.89,0.8,0.95
dacc,1,35,5517,normal,hc,loglik-g,24.713,0.074,NA,3751,NA,junin.temp_min_t,2.04,0.91,0.57,0.94,0.88,0.99
dacc,1,35,5517,normal,hc,loglik-g,24.713,0.074,NA,3751,NA,tunuyan.temp_min_t,2.76,0.86,0.76,0.9,0.89,0.96
dacc,1,35,5517,normal,hc,loglik-g,24.713,0.074,NA,3751,NA,agua_amarga.temp_min_t,2.08,0.89,0.62,0.92,0.77,0.97
dacc,1,35,5517,normal,hc,loglik-g,24.713,0.074,NA,3751,NA,las_paredes.temp_min_t,2.75,0.84,0.61,0.9,0.81,0.97
dacc,1,35,5517,normal,hc,loglik-g,24.713,0.074,NA,3751,NA,la_llave.temp_min_t,2.93,0.85,0.73,0.9,0.8,0.95
dacc-spring,1,34,1829,normal,hc,bge,32.212,0.014,NA,1243,NA,junin.temp_min_t,2.4,0.78,0.47,0.94,0.67,0.98
dacc-spring,1,34,1829,normal,hc,bge,32.212,0.014,NA,1243,NA,tunuyan.temp_min_t,3.21,0.66,0.58,0.85,0.81,0.95
dacc-spring,1,34,1829,normal,hc,bge,32.212,0.014,NA,1243,NA,agua_amarga.temp_min_t,2.45,0.75,0.53,0.92,0.57,0.96
dacc-spring,1,34,1829,normal,hc,bge,32.212,0.014,NA,1243,NA,las_paredes.temp_min_t,2.83,0.7,0.47,0.9,0.71,0.97
dacc-spring,1,34,1829,normal,hc,bge,32.212,0.014,NA,1243,NA,la_llave.temp_min_t,3.39,0.66,0.59,0.87,0.65,0.93
dacc,1,35,5517,normal,hc,aic-g,15.899,0.051,NA,3751,NA,junin.temp_min_t,2.07,0.91,0.6,0.94,0.85,0.99
dacc,1,35,5517,normal,hc,aic-g,15.899,0.051,NA,3751,NA,tunuyan.temp_min_t,2.79,0.86,0.75,0.89,0.89,0.96
dacc,1,35,5517,normal,hc,aic-g,15.899,0.051,NA,3751,NA,agua_amarga.temp_min_t,2.07,0.9,0.63,0.92,0.76,0.97
dacc,1,35,5517,normal,hc,aic-g,15.899,0.051,NA,3751,NA,las_paredes.temp_min_t,2.77,0.84,0.6,0.9,0.8,0.97
dacc,1,35,5517,normal,hc,aic-g,15.899,0.051,NA,3751,NA,la_llave.temp_min_t,2.94,0.85,0.73,0.9,0.79,0.94
dacc,1,35,5517,normal,hc,bge,193.965,0.058,NA,3751,NA,junin.temp_min_t,2.09,0.91,0.54,0.93,0.87,0.99
dacc,1,35,5517,normal,hc,bge,193.965,0.058,NA,3751,NA,tunuyan.temp_min_t,2.82,0.86,0.74,0.89,0.9,0.96
dacc,1,35,5517,normal,hc,bge,193.965,0.058,NA,3751,NA,agua_amarga.temp_min_t,2.08,0.9,0.62,0.92,0.76,0.97
dacc,1,35,5517,normal,hc,bge,193.965,0.058,NA,3751,NA,las_paredes.temp_min_t,2.77,0.84,0.6,0.9,0.81,0.97
dacc,1,35,5517,normal,hc,bge,193.965,0.058,NA,3751,NA,la_llave.temp_min_t,2.93,0.85,0.72,0.9,0.8,0.95
dacc-temp,2,35,5516,normal,hc,bic-g,6.186,0.03,NA,3750,NA,junin.temp_min_t,2.12,0.9,0.59,0.93,0.84,0.98
dacc-temp,2,35,5516,normal,hc,bic-g,6.186,0.03,NA,3750,NA,tunuyan.temp_min_t,2.77,0.85,0.78,0.89,0.86,0.94
dacc-temp,2,35,5516,normal,hc,bic-g,6.186,0.03,NA,3750,NA,agua_amarga.temp_min_t,2.23,0.88,0.62,0.92,0.76,0.97
dacc-temp,2,35,5516,normal,hc,bic-g,6.186,0.03,NA,3750,NA,las_paredes.temp_min_t,2.82,0.83,0.64,0.91,0.81,0.97
dacc-temp,2,35,5516,normal,hc,bic-g,6.186,0.03,NA,3750,NA,la_llave.temp_min_t,3.03,0.84,0.68,0.89,0.8,0.95
dacc-spring,2,63,1828,normal,hc,bic-g,12.94,0.031,NA,1242,NA,junin.temp_min_t,2.25,0.81,0.33,0.94,0.67,0.99
dacc-spring,2,63,1828,normal,hc,bic-g,12.94,0.031,NA,1242,NA,tunuyan.temp_min_t,3.11,0.69,0.6,0.86,0.84,0.96
dacc-spring,2,63,1828,normal,hc,bic-g,12.94,0.031,NA,1242,NA,agua_amarga.temp_min_t,2.44,0.76,0.53,0.92,0.59,0.96
dacc-spring,2,63,1828,normal,hc,bic-g,12.94,0.031,NA,1242,NA,las_paredes.temp_min_t,2.76,0.71,0.47,0.9,0.71,0.97
dacc-spring,2,63,1828,normal,hc,bic-g,12.94,0.031,NA,1242,NA,la_llave.temp_min_t,3.35,0.66,0.63,0.88,0.67,0.94
dacc-temp,2,35,5516,normal,hc,loglik-g,25.505,0.076,NA,3750,NA,junin.temp_min_t,2.11,0.9,0.59,0.93,0.83,0.98
dacc-temp,2,35,5516,normal,hc,loglik-g,25.505,0.076,NA,3750,NA,tunuyan.temp_min_t,2.75,0.86,0.78,0.89,0.87,0.95
dacc-temp,2,35,5516,normal,hc,loglik-g,25.505,0.076,NA,3750,NA,agua_amarga.temp_min_t,2.22,0.88,0.61,0.92,0.76,0.97
dacc-temp,2,35,5516,normal,hc,loglik-g,25.505,0.076,NA,3750,NA,las_paredes.temp_min_t,2.82,0.83,0.65,0.91,0.81,0.97
dacc-temp,2,35,5516,normal,hc,loglik-g,25.505,0.076,NA,3750,NA,la_llave.temp_min_t,3.02,0.84,0.68,0.89,0.8,0.95
dacc-temp,2,35,5516,normal,hc,aic-g,17.31,0.057,NA,3750,NA,junin.temp_min_t,2.11,0.9,0.6,0.94,0.86,0.99
dacc-temp,2,35,5516,normal,hc,aic-g,17.31,0.057,NA,3750,NA,tunuyan.temp_min_t,2.78,0.85,0.78,0.89,0.86,0.94
dacc-temp,2,35,5516,normal,hc,aic-g,17.31,0.057,NA,3750,NA,agua_amarga.temp_min_t,2.21,0.88,0.63,0.92,0.77,0.97
dacc-temp,2,35,5516,normal,hc,aic-g,17.31,0.057,NA,3750,NA,las_paredes.temp_min_t,2.82,0.83,0.65,0.91,0.82,0.97
dacc-temp,2,35,5516,normal,hc,aic-g,17.31,0.057,NA,3750,NA,la_llave.temp_min_t,3.03,0.84,0.67,0.89,0.81,0.95
dacc,2,65,5516,normal,hc,bic-g,90.629,0.154,NA,3750,NA,junin.temp_min_t,2.02,0.91,0.56,0.93,0.86,0.99
dacc,2,65,5516,normal,hc,bic-g,90.629,0.154,NA,3750,NA,tunuyan.temp_min_t,2.63,0.87,0.79,0.9,0.89,0.96
dacc,2,65,5516,normal,hc,bic-g,90.629,0.154,NA,3750,NA,agua_amarga.temp_min_t,2.06,0.9,0.62,0.92,0.78,0.97
dacc,2,65,5516,normal,hc,bic-g,90.629,0.154,NA,3750,NA,las_paredes.temp_min_t,2.72,0.85,0.57,0.9,0.82,0.97
dacc,2,65,5516,normal,hc,bic-g,90.629,0.154,NA,3750,NA,la_llave.temp_min_t,2.89,0.85,0.72,0.9,0.8,0.95
dacc-spring,2,63,1828,normal,hc,loglik-g,127.304,0.113,NA,1242,NA,junin.temp_min_t,2.31,0.79,0.42,0.94,0.58,0.98
dacc-spring,2,63,1828,normal,hc,loglik-g,127.304,0.113,NA,1242,NA,tunuyan.temp_min_t,3.01,0.7,0.66,0.88,0.83,0.95
dacc-spring,2,63,1828,normal,hc,loglik-g,127.304,0.113,NA,1242,NA,agua_amarga.temp_min_t,2.39,0.76,0.49,0.92,0.59,0.96
dacc-spring,2,63,1828,normal,hc,loglik-g,127.304,0.113,NA,1242,NA,las_paredes.temp_min_t,2.84,0.7,0.53,0.9,0.65,0.96
dacc-spring,2,63,1828,normal,hc,loglik-g,127.304,0.113,NA,1242,NA,la_llave.temp_min_t,3.27,0.68,0.62,0.89,0.69,0.94
dacc-spring,2,63,1828,normal,hc,aic-g,31.747,0.051,NA,1242,NA,junin.temp_min_t,2.34,0.79,0.47,0.94,0.61,0.98
dacc-spring,2,63,1828,normal,hc,aic-g,31.747,0.051,NA,1242,NA,tunuyan.temp_min_t,3.03,0.7,0.68,0.88,0.81,0.94
dacc-spring,2,63,1828,normal,hc,aic-g,31.747,0.051,NA,1242,NA,agua_amarga.temp_min_t,2.39,0.76,0.53,0.92,0.59,0.96
dacc-spring,2,63,1828,normal,hc,aic-g,31.747,0.051,NA,1242,NA,las_paredes.temp_min_t,2.91,0.69,0.55,0.9,0.64,0.95
dacc-spring,2,63,1828,normal,hc,aic-g,31.747,0.051,NA,1242,NA,la_llave.temp_min_t,3.28,0.67,0.6,0.88,0.69,0.94
dacc-temp,2,35,5516,normal,hc,bge,144.865,0.052,NA,3750,NA,junin.temp_min_t,2.11,0.9,0.59,0.93,0.83,0.98
dacc-temp,2,35,5516,normal,hc,bge,144.865,0.052,NA,3750,NA,tunuyan.temp_min_t,2.78,0.85,0.78,0.89,0.86,0.94
dacc-temp,2,35,5516,normal,hc,bge,144.865,0.052,NA,3750,NA,agua_amarga.temp_min_t,2.25,0.88,0.6,0.91,0.74,0.96
dacc-temp,2,35,5516,normal,hc,bge,144.865,0.052,NA,3750,NA,las_paredes.temp_min_t,2.82,0.83,0.64,0.91,0.81,0.97
dacc-temp,2,35,5516,normal,hc,bge,144.865,0.052,NA,3750,NA,la_llave.temp_min_t,3.03,0.84,0.68,0.89,0.8,0.95
dacc-spring,2,63,1828,normal,hc,bge,216.095,0.037,NA,1242,NA,junin.temp_min_t,2.25,0.81,0.33,0.94,0.67,0.99
dacc-spring,2,63,1828,normal,hc,bge,216.095,0.037,NA,1242,NA,tunuyan.temp_min_t,3.09,0.69,0.61,0.86,0.81,0.95
dacc-spring,2,63,1828,normal,hc,bge,216.095,0.037,NA,1242,NA,agua_amarga.temp_min_t,2.44,0.76,0.51,0.92,0.57,0.96
dacc-spring,2,63,1828,normal,hc,bge,216.095,0.037,NA,1242,NA,las_paredes.temp_min_t,2.77,0.71,0.46,0.9,0.67,0.96
dacc-spring,2,63,1828,normal,hc,bge,216.095,0.037,NA,1242,NA,la_llave.temp_min_t,3.33,0.67,0.6,0.88,0.67,0.94
dacc,2,65,5516,normal,hc,loglik-g,420.417,0.36,NA,3750,NA,junin.temp_min_t,1.99,0.91,0.62,0.94,0.86,0.99
dacc,2,65,5516,normal,hc,loglik-g,420.417,0.36,NA,3750,NA,tunuyan.temp_min_t,2.61,0.87,0.77,0.9,0.89,0.95
dacc,2,65,5516,normal,hc,loglik-g,420.417,0.36,NA,3750,NA,agua_amarga.temp_min_t,2.07,0.9,0.62,0.92,0.77,0.97
dacc,2,65,5516,normal,hc,loglik-g,420.417,0.36,NA,3750,NA,las_paredes.temp_min_t,2.68,0.85,0.64,0.91,0.81,0.97
dacc,2,65,5516,normal,hc,loglik-g,420.417,0.36,NA,3750,NA,la_llave.temp_min_t,2.85,0.86,0.74,0.9,0.79,0.94
dacc,2,65,5516,normal,hc,aic-g,160.348,0.19,NA,3750,NA,junin.temp_min_t,2,0.91,0.6,0.94,0.85,0.98
dacc,2,65,5516,normal,hc,aic-g,160.348,0.19,NA,3750,NA,tunuyan.temp_min_t,2.6,0.87,0.78,0.9,0.89,0.95
dacc,2,65,5516,normal,hc,aic-g,160.348,0.19,NA,3750,NA,agua_amarga.temp_min_t,2.07,0.9,0.61,0.92,0.78,0.97
dacc,2,65,5516,normal,hc,aic-g,160.348,0.19,NA,3750,NA,las_paredes.temp_min_t,2.68,0.85,0.63,0.91,0.82,0.97
dacc,2,65,5516,normal,hc,aic-g,160.348,0.19,NA,3750,NA,la_llave.temp_min_t,2.86,0.85,0.74,0.9,0.79,0.94
dacc,2,65,5516,normal,hc,bge,1508.543,0.134,NA,3750,NA,junin.temp_min_t,2.03,0.91,0.6,0.93,0.82,0.98
dacc,2,65,5516,normal,hc,bge,1508.543,0.134,NA,3750,NA,tunuyan.temp_min_t,2.63,0.87,0.79,0.9,0.89,0.96
dacc,2,65,5516,normal,hc,bge,1508.543,0.134,NA,3750,NA,agua_amarga.temp_min_t,2.06,0.9,0.61,0.92,0.76,0.97
dacc,2,65,5516,normal,hc,bge,1508.543,0.134,NA,3750,NA,las_paredes.temp_min_t,2.71,0.85,0.56,0.9,0.81,0.97
dacc,2,65,5516,normal,hc,bge,1508.543,0.134,NA,3750,NA,la_llave.temp_min_t,2.89,0.85,0.72,0.9,0.8,0.95
dacc-temp,2,35,5516,normal,tabu,bic-g,8.953,0.04,NA,3750,NA,junin.temp_min_t,2.12,0.9,0.59,0.93,0.84,0.98
dacc-temp,2,35,5516,normal,tabu,bic-g,8.953,0.04,NA,3750,NA,tunuyan.temp_min_t,2.77,0.85,0.78,0.89,0.86,0.94
dacc-temp,2,35,5516,normal,tabu,bic-g,8.953,0.04,NA,3750,NA,agua_amarga.temp_min_t,2.23,0.88,0.62,0.92,0.76,0.97
dacc-temp,2,35,5516,normal,tabu,bic-g,8.953,0.04,NA,3750,NA,las_paredes.temp_min_t,2.82,0.83,0.64,0.91,0.81,0.97
dacc-temp,2,35,5516,normal,tabu,bic-g,8.953,0.04,NA,3750,NA,la_llave.temp_min_t,3.03,0.84,0.68,0.89,0.8,0.95
dacc-spring,2,63,1828,normal,tabu,bic-g,19.315,0.043,NA,1242,NA,junin.temp_min_t,2.25,0.81,0.33,0.94,0.67,0.99
dacc-spring,2,63,1828,normal,tabu,bic-g,19.315,0.043,NA,1242,NA,tunuyan.temp_min_t,3.11,0.69,0.6,0.86,0.84,0.96
dacc-spring,2,63,1828,normal,tabu,bic-g,19.315,0.043,NA,1242,NA,agua_amarga.temp_min_t,2.44,0.76,0.53,0.92,0.59,0.96
dacc-spring,2,63,1828,normal,tabu,bic-g,19.315,0.043,NA,1242,NA,las_paredes.temp_min_t,2.76,0.71,0.47,0.9,0.71,0.97
dacc-spring,2,63,1828,normal,tabu,bic-g,19.315,0.043,NA,1242,NA,la_llave.temp_min_t,3.35,0.66,0.63,0.88,0.67,0.94
dacc-temp,2,35,5516,normal,tabu,loglik-g,36.273,0.1,NA,3750,NA,junin.temp_min_t,2.11,0.9,0.59,0.93,0.83,0.98
dacc-temp,2,35,5516,normal,tabu,loglik-g,36.273,0.1,NA,3750,NA,tunuyan.temp_min_t,2.75,0.86,0.78,0.89,0.87,0.95
dacc-temp,2,35,5516,normal,tabu,loglik-g,36.273,0.1,NA,3750,NA,agua_amarga.temp_min_t,2.22,0.88,0.61,0.92,0.76,0.97
dacc-temp,2,35,5516,normal,tabu,loglik-g,36.273,0.1,NA,3750,NA,las_paredes.temp_min_t,2.82,0.83,0.65,0.91,0.81,0.97
dacc-temp,2,35,5516,normal,tabu,loglik-g,36.273,0.1,NA,3750,NA,la_llave.temp_min_t,3.02,0.84,0.68,0.89,0.8,0.95
dacc-temp,2,35,5516,normal,tabu,aic-g,15.395,0.056,NA,3750,NA,junin.temp_min_t,2.11,0.9,0.6,0.94,0.86,0.99
dacc-temp,2,35,5516,normal,tabu,aic-g,15.395,0.056,NA,3750,NA,tunuyan.temp_min_t,2.78,0.85,0.78,0.89,0.86,0.94
dacc-temp,2,35,5516,normal,tabu,aic-g,15.395,0.056,NA,3750,NA,agua_amarga.temp_min_t,2.21,0.88,0.63,0.92,0.77,0.97
dacc-temp,2,35,5516,normal,tabu,aic-g,15.395,0.056,NA,3750,NA,las_paredes.temp_min_t,2.82,0.83,0.65,0.91,0.82,0.97
dacc-temp,2,35,5516,normal,tabu,aic-g,15.395,0.056,NA,3750,NA,la_llave.temp_min_t,3.03,0.84,0.67,0.89,0.81,0.95
dacc,2,65,5516,normal,tabu,bic-g,78.322,0.116,NA,3750,NA,junin.temp_min_t,2.02,0.91,0.56,0.93,0.86,0.99
dacc,2,65,5516,normal,tabu,bic-g,78.322,0.116,NA,3750,NA,tunuyan.temp_min_t,2.63,0.87,0.79,0.9,0.89,0.96
dacc,2,65,5516,normal,tabu,bic-g,78.322,0.116,NA,3750,NA,agua_amarga.temp_min_t,2.06,0.9,0.62,0.92,0.78,0.97
dacc,2,65,5516,normal,tabu,bic-g,78.322,0.116,NA,3750,NA,las_paredes.temp_min_t,2.72,0.85,0.57,0.9,0.82,0.97
dacc,2,65,5516,normal,tabu,bic-g,78.322,0.116,NA,3750,NA,la_llave.temp_min_t,2.89,0.85,0.72,0.9,0.8,0.95
dacc-spring,2,63,1828,normal,tabu,loglik-g,137.405,0.159,NA,1242,NA,junin.temp_min_t,2.31,0.79,0.42,0.94,0.58,0.98
dacc-spring,2,63,1828,normal,tabu,loglik-g,137.405,0.159,NA,1242,NA,tunuyan.temp_min_t,3.01,0.7,0.66,0.88,0.83,0.95
dacc-spring,2,63,1828,normal,tabu,loglik-g,137.405,0.159,NA,1242,NA,agua_amarga.temp_min_t,2.39,0.76,0.49,0.92,0.59,0.96
dacc-spring,2,63,1828,normal,tabu,loglik-g,137.405,0.159,NA,1242,NA,las_paredes.temp_min_t,2.84,0.7,0.53,0.9,0.65,0.96
dacc-spring,2,63,1828,normal,tabu,loglik-g,137.405,0.159,NA,1242,NA,la_llave.temp_min_t,3.27,0.68,0.62,0.89,0.69,0.94
dacc-temp,2,35,5516,normal,tabu,bge,116.867,0.034,NA,3750,NA,junin.temp_min_t,2.11,0.9,0.59,0.93,0.83,0.98
dacc-temp,2,35,5516,normal,tabu,bge,116.867,0.034,NA,3750,NA,tunuyan.temp_min_t,2.78,0.85,0.78,0.89,0.86,0.94
dacc-temp,2,35,5516,normal,tabu,bge,116.867,0.034,NA,3750,NA,agua_amarga.temp_min_t,2.25,0.88,0.6,0.91,0.74,0.96
dacc-temp,2,35,5516,normal,tabu,bge,116.867,0.034,NA,3750,NA,las_paredes.temp_min_t,2.82,0.83,0.64,0.91,0.81,0.97
dacc-temp,2,35,5516,normal,tabu,bge,116.867,0.034,NA,3750,NA,la_llave.temp_min_t,3.03,0.84,0.68,0.89,0.8,0.95
dacc-spring,2,63,1828,normal,tabu,aic-g,37.905,0.05,NA,1242,NA,junin.temp_min_t,2.34,0.79,0.47,0.94,0.61,0.98
dacc-spring,2,63,1828,normal,tabu,aic-g,37.905,0.05,NA,1242,NA,tunuyan.temp_min_t,3.03,0.7,0.68,0.88,0.81,0.94
dacc-spring,2,63,1828,normal,tabu,aic-g,37.905,0.05,NA,1242,NA,agua_amarga.temp_min_t,2.39,0.76,0.53,0.92,0.59,0.96
dacc-spring,2,63,1828,normal,tabu,aic-g,37.905,0.05,NA,1242,NA,las_paredes.temp_min_t,2.91,0.69,0.55,0.9,0.64,0.95
dacc-spring,2,63,1828,normal,tabu,aic-g,37.905,0.05,NA,1242,NA,la_llave.temp_min_t,3.28,0.67,0.6,0.88,0.69,0.94
dacc-spring,2,63,1828,normal,tabu,bge,224.782,0.037,NA,1242,NA,junin.temp_min_t,2.25,0.81,0.33,0.94,0.67,0.99
dacc-spring,2,63,1828,normal,tabu,bge,224.782,0.037,NA,1242,NA,tunuyan.temp_min_t,3.09,0.69,0.61,0.86,0.81,0.95
dacc-spring,2,63,1828,normal,tabu,bge,224.782,0.037,NA,1242,NA,agua_amarga.temp_min_t,2.44,0.76,0.51,0.92,0.57,0.96
dacc-spring,2,63,1828,normal,tabu,bge,224.782,0.037,NA,1242,NA,las_paredes.temp_min_t,2.77,0.71,0.46,0.9,0.67,0.96
dacc-spring,2,63,1828,normal,tabu,bge,224.782,0.037,NA,1242,NA,la_llave.temp_min_t,3.33,0.67,0.6,0.88,0.67,0.94
dacc,2,65,5516,normal,tabu,loglik-g,402.162,0.359,NA,3750,NA,junin.temp_min_t,1.99,0.91,0.62,0.94,0.86,0.99
dacc,2,65,5516,normal,tabu,loglik-g,402.162,0.359,NA,3750,NA,tunuyan.temp_min_t,2.61,0.87,0.77,0.9,0.89,0.95
dacc,2,65,5516,normal,tabu,loglik-g,402.162,0.359,NA,3750,NA,agua_amarga.temp_min_t,2.07,0.9,0.62,0.92,0.77,0.97
dacc,2,65,5516,normal,tabu,loglik-g,402.162,0.359,NA,3750,NA,las_paredes.temp_min_t,2.68,0.85,0.64,0.91,0.81,0.97
dacc,2,65,5516,normal,tabu,loglik-g,402.162,0.359,NA,3750,NA,la_llave.temp_min_t,2.85,0.86,0.74,0.9,0.79,0.94
dacc,2,65,5516,normal,tabu,aic-g,161.52,0.185,NA,3750,NA,junin.temp_min_t,2,0.91,0.6,0.94,0.85,0.98
dacc,2,65,5516,normal,tabu,aic-g,161.52,0.185,NA,3750,NA,tunuyan.temp_min_t,2.6,0.87,0.78,0.9,0.89,0.95
dacc,2,65,5516,normal,tabu,aic-g,161.52,0.185,NA,3750,NA,agua_amarga.temp_min_t,2.07,0.9,0.61,0.92,0.78,0.97
dacc,2,65,5516,normal,tabu,aic-g,161.52,0.185,NA,3750,NA,las_paredes.temp_min_t,2.68,0.85,0.63,0.91,0.82,0.97
dacc,2,65,5516,normal,tabu,aic-g,161.52,0.185,NA,3750,NA,la_llave.temp_min_t,2.86,0.85,0.74,0.9,0.79,0.94
dacc,2,65,5516,normal,tabu,bge,1564.733,0.129,NA,3750,NA,junin.temp_min_t,2.03,0.91,0.6,0.93,0.82,0.98
dacc,2,65,5516,normal,tabu,bge,1564.733,0.129,NA,3750,NA,tunuyan.temp_min_t,2.63,0.87,0.79,0.9,0.89,0.96
dacc,2,65,5516,normal,tabu,bge,1564.733,0.129,NA,3750,NA,agua_amarga.temp_min_t,2.06,0.9,0.61,0.92,0.76,0.97
dacc,2,65,5516,normal,tabu,bge,1564.733,0.129,NA,3750,NA,las_paredes.temp_min_t,2.71,0.85,0.56,0.9,0.81,0.97
dacc,2,65,5516,normal,tabu,bge,1564.733,0.129,NA,3750,NA,la_llave.temp_min_t,2.89,0.85,0.72,0.9,0.8,0.95
dacc-temp,2,35,5516,smote,tabu,bic-g,6.403,0.028,390,3315,1560,junin.temp_min_t,2.12,0.9,0.74,0.94,0.75,0.96
dacc-spring,2,63,1828,smote,tabu,bic-g,12.857,0.027,118,1003,472,junin.temp_min_t,2.44,0.77,0.44,0.94,0.58,0.97
dacc-temp,2,35,5516,smote,tabu,bic-g,23.275,0.088,1057,8984,4228,tunuyan.temp_min_t,2.77,0.86,0.83,0.9,0.85,0.93
dacc-temp,2,35,5516,smote,tabu,bic-g,8.678,0.036,496,4216,1984,agua_amarga.temp_min_t,2.24,0.88,0.78,0.92,0.72,0.95
dacc-temp,2,35,5516,smote,tabu,bic-g,11.051,0.042,567,4819,2268,las_paredes.temp_min_t,2.88,0.83,0.76,0.91,0.75,0.94
dacc-temp,2,35,5516,smote,tabu,bic-g,13.519,0.053,698,5933,2792,la_llave.temp_min_t,3.05,0.84,0.8,0.89,0.74,0.92
dacc,2,65,5516,smote,tabu,bic-g,71.781,0.105,390,3315,1560,junin.temp_min_t,2.05,0.91,0.65,0.94,0.81,0.98
dacc-spring,2,63,1828,smote,tabu,bic-g,60.415,0.088,347,2949,1388,tunuyan.temp_min_t,3.14,0.68,0.74,0.88,0.8,0.93
dacc-temp,2,35,5516,smote,tabu,loglik-g,26.072,0.069,390,3315,1560,junin.temp_min_t,2.13,0.9,0.75,0.94,0.75,0.96
dacc-spring,2,63,1828,smote,tabu,bic-g,23.95,0.039,163,1385,652,agua_amarga.temp_min_t,2.6,0.75,0.58,0.92,0.59,0.96
dacc-spring,2,63,1828,smote,tabu,bic-g,27.823,0.047,216,1836,864,las_paredes.temp_min_t,3,0.68,0.62,0.89,0.59,0.93
dacc-temp,2,35,5516,smote,tabu,loglik-g,61.525,0.314,1057,8984,4228,tunuyan.temp_min_t,2.75,0.86,0.83,0.9,0.85,0.93
dacc-spring,2,63,1828,smote,tabu,bic-g,39.661,0.059,242,2057,968,la_llave.temp_min_t,3.56,0.67,0.72,0.87,0.62,0.91
dacc-temp,2,35,5516,smote,tabu,loglik-g,40.988,0.114,496,4216,1984,agua_amarga.temp_min_t,2.23,0.88,0.75,0.93,0.75,0.96
dacc-temp,2,35,5516,smote,tabu,loglik-g,49.708,0.131,567,4819,2268,las_paredes.temp_min_t,2.89,0.83,0.76,0.91,0.73,0.94
dacc-spring,2,63,1828,smote,tabu,loglik-g,107.322,0.154,118,1003,472,junin.temp_min_t,2.7,0.74,0.51,0.94,0.56,0.97
dacc-temp,2,35,5516,smote,tabu,loglik-g,58.316,0.16,698,5933,2792,la_llave.temp_min_t,3.03,0.84,0.81,0.89,0.74,0.92
dacc-temp,2,35,5516,smote,tabu,aic-g,18.208,0.062,390,3315,1560,junin.temp_min_t,2.12,0.9,0.72,0.93,0.75,0.97
dacc-temp,2,35,5516,smote,tabu,aic-g,58.808,0.192,1057,8984,4228,tunuyan.temp_min_t,2.75,0.86,0.83,0.9,0.85,0.93
dacc-temp,2,35,5516,smote,tabu,aic-g,19.582,0.07,496,4216,1984,agua_amarga.temp_min_t,2.2,0.89,0.8,0.93,0.73,0.95
dacc-temp,2,35,5516,smote,tabu,aic-g,25.051,0.087,567,4819,2268,las_paredes.temp_min_t,2.88,0.83,0.75,0.91,0.74,0.94
dacc,2,65,5516,smote,tabu,bic-g,389.699,0.512,1057,8984,4228,tunuyan.temp_min_t,2.62,0.87,0.82,0.91,0.87,0.94
dacc-temp,2,35,5516,smote,tabu,aic-g,35.461,0.124,698,5933,2792,la_llave.temp_min_t,3.04,0.84,0.81,0.89,0.74,0.92
dacc,2,65,5516,smote,tabu,bic-g,132.941,0.179,496,4216,1984,agua_amarga.temp_min_t,2.06,0.9,0.75,0.93,0.76,0.96
dacc-spring,2,63,1828,smote,tabu,loglik-g,376.918,0.359,347,2949,1388,tunuyan.temp_min_t,2.98,0.71,0.71,0.88,0.8,0.94
dacc-temp,2,35,5516,smote,tabu,bge,180.331,0.045,390,3315,1560,junin.temp_min_t,2.13,0.9,0.77,0.94,0.76,0.97
dacc,2,65,5516,smote,tabu,bic-g,166.679,0.238,567,4819,2268,las_paredes.temp_min_t,2.76,0.85,0.75,0.91,0.75,0.95
dacc-spring,2,63,1828,smote,tabu,loglik-g,178.464,0.192,163,1385,652,agua_amarga.temp_min_t,2.68,0.72,0.58,0.91,0.52,0.94
dacc,2,65,5516,smote,tabu,bic-g,237.69,0.302,698,5933,2792,la_llave.temp_min_t,2.95,0.85,0.82,0.9,0.75,0.92
dacc-spring,2,63,1828,smote,tabu,loglik-g,228.137,0.237,216,1836,864,las_paredes.temp_min_t,3.13,0.68,0.71,0.89,0.56,0.92
dacc-spring,2,63,1828,smote,tabu,loglik-g,266.348,0.269,242,2057,968,la_llave.temp_min_t,3.4,0.68,0.74,0.88,0.64,0.91
dacc-spring,2,63,1828,smote,tabu,aic-g,49.013,0.071,118,1003,472,junin.temp_min_t,2.71,0.72,0.42,0.92,0.44,0.96
dacc-temp,2,35,5516,smote,tabu,bge,786.323,0.14,1057,8984,4228,tunuyan.temp_min_t,2.75,0.86,0.83,0.9,0.85,0.93
dacc,2,65,5516,smote,tabu,loglik-g,486.102,0.436,390,3315,1560,junin.temp_min_t,2.11,0.91,0.76,0.94,0.75,0.96
dacc-spring,2,63,1828,smote,tabu,aic-g,180.399,0.211,347,2949,1388,tunuyan.temp_min_t,3.13,0.68,0.67,0.87,0.8,0.94
dacc-spring,2,63,1828,smote,tabu,aic-g,71.836,0.105,163,1385,652,agua_amarga.temp_min_t,2.68,0.73,0.64,0.91,0.51,0.94
dacc-spring,2,63,1828,smote,tabu,aic-g,99.506,0.129,216,1836,864,las_paredes.temp_min_t,3.22,0.68,0.74,0.89,0.57,0.91
dacc-temp,2,35,5516,smote,tabu,bge,276.479,0.057,496,4216,1984,agua_amarga.temp_min_t,2.24,0.88,0.76,0.92,0.72,0.95
dacc-spring,2,63,1828,smote,tabu,aic-g,116.546,0.145,242,2057,968,la_llave.temp_min_t,3.65,0.66,0.74,0.86,0.59,0.89
dacc-temp,2,35,5516,smote,tabu,bge,300.862,0.066,567,4819,2268,las_paredes.temp_min_t,2.89,0.83,0.74,0.91,0.75,0.95
dacc-spring,2,63,1828,smote,tabu,bge,441.396,0.051,118,1003,472,junin.temp_min_t,2.64,0.75,0.44,0.92,0.46,0.96
dacc-temp,2,35,5516,smote,tabu,bge,418,0.088,698,5933,2792,la_llave.temp_min_t,3.03,0.84,0.79,0.89,0.74,0.92
dacc,2,65,5516,smote,tabu,loglik-g,1396.107,1.195,1057,8984,4228,tunuyan.temp_min_t,2.59,0.87,0.82,0.91,0.87,0.94
dacc,2,65,5516,smote,tabu,loglik-g,570.002,0.516,496,4216,1984,agua_amarga.temp_min_t,2.07,0.9,0.68,0.93,0.78,0.97
dacc-spring,2,63,1828,smote,tabu,bge,1790.34,0.145,347,2949,1388,tunuyan.temp_min_t,3.1,0.68,0.69,0.88,0.83,0.95
dacc,2,65,5516,smote,tabu,loglik-g,672.118,0.579,567,4819,2268,las_paredes.temp_min_t,2.9,0.84,0.8,0.9,0.71,0.93
dacc-spring,2,63,1828,smote,tabu,bge,769.73,0.068,163,1385,652,agua_amarga.temp_min_t,2.98,0.73,0.76,0.9,0.48,0.91
dacc,2,65,5516,smote,tabu,loglik-g,828.3,0.711,698,5933,2792,la_llave.temp_min_t,2.92,0.85,0.82,0.9,0.75,0.92
dacc,2,65,5516,smote,tabu,aic-g,221.064,0.238,390,3315,1560,junin.temp_min_t,2.07,0.91,0.77,0.95,0.79,0.97
dacc-spring,2,63,1828,smote,tabu,bge,1119.042,0.093,216,1836,864,las_paredes.temp_min_t,3.28,0.67,0.73,0.88,0.52,0.9
dacc,2,65,5516,smote,tabu,aic-g,774.386,0.706,1057,8984,4228,tunuyan.temp_min_t,2.59,0.87,0.81,0.9,0.88,0.95
dacc,2,65,5516,smote,tabu,aic-g,276.498,0.298,496,4216,1984,agua_amarga.temp_min_t,2.06,0.9,0.73,0.93,0.77,0.96
dacc,2,65,5516,smote,tabu,aic-g,359.068,0.375,567,4819,2268,las_paredes.temp_min_t,2.76,0.85,0.77,0.91,0.73,0.94
dacc,2,65,5516,smote,tabu,aic-g,463.19,0.451,698,5933,2792,la_llave.temp_min_t,2.96,0.85,0.84,0.9,0.73,0.91
dacc-spring,2,63,1828,smote,tabu,bge,1171.868,0.092,242,2057,968,la_llave.temp_min_t,3.23,0.69,0.68,0.89,0.7,0.94
dacc,2,65,5516,smote,tabu,bge,1620.868,0.13,390,3315,1560,junin.temp_min_t,2.04,0.91,0.65,0.94,0.8,0.98
dacc,2,65,5516,smote,tabu,bge,6608.527,0.408,1057,8984,4228,tunuyan.temp_min_t,2.63,0.87,0.83,0.91,0.87,0.95
dacc,2,65,5516,smote,tabu,bge,2356.771,0.167,496,4216,1984,agua_amarga.temp_min_t,2.11,0.89,0.71,0.92,0.75,0.96
dacc,2,65,5516,smote,tabu,bge,2541.456,0.194,567,4819,2268,las_paredes.temp_min_t,2.82,0.84,0.77,0.9,0.72,0.93
dacc,2,65,5516,smote,tabu,bge,3819.709,0.266,698,5933,2792,la_llave.temp_min_t,2.89,0.86,0.83,0.9,0.75,0.92
dacc-temp,2,35,5516,smote,hc,bic-g,6.107,0.028,390,3315,1560,junin.temp_min_t,2.13,0.9,0.74,0.94,0.75,0.97
dacc-spring,2,63,1828,smote,hc,bic-g,11.734,0.028,118,1003,472,junin.temp_min_t,2.52,0.76,0.44,0.93,0.5,0.97
dacc-temp,2,35,5516,smote,hc,bic-g,23.424,0.086,1057,8984,4228,tunuyan.temp_min_t,2.76,0.86,0.83,0.9,0.85,0.93
dacc-temp,2,35,5516,smote,hc,bic-g,8.452,0.037,496,4216,1984,agua_amarga.temp_min_t,2.29,0.88,0.75,0.92,0.72,0.95
dacc-temp,2,35,5516,smote,hc,bic-g,10.305,0.043,567,4819,2268,las_paredes.temp_min_t,2.92,0.83,0.77,0.91,0.73,0.94
dacc-temp,2,35,5516,smote,hc,bic-g,12.598,0.054,698,5933,2792,la_llave.temp_min_t,3.05,0.84,0.8,0.89,0.74,0.92
dacc,2,65,5516,smote,hc,bic-g,72.102,0.194,390,3315,1560,junin.temp_min_t,2,0.91,0.72,0.94,0.79,0.97
dacc-spring,2,63,1828,smote,hc,bic-g,63.328,0.196,347,2949,1388,tunuyan.temp_min_t,3,0.7,0.72,0.88,0.82,0.94
dacc-temp,2,35,5516,smote,hc,loglik-g,31.442,0.09,390,3315,1560,junin.temp_min_t,2.15,0.9,0.74,0.94,0.76,0.97
dacc-spring,2,63,1828,smote,hc,bic-g,26.012,0.051,163,1385,652,agua_amarga.temp_min_t,2.55,0.76,0.62,0.92,0.58,0.95
dacc-spring,2,63,1828,smote,hc,bic-g,40.434,0.072,216,1836,864,las_paredes.temp_min_t,2.86,0.69,0.56,0.9,0.66,0.95
dacc-temp,2,35,5516,smote,hc,loglik-g,87.785,0.232,1057,8984,4228,tunuyan.temp_min_t,2.74,0.86,0.83,0.9,0.85,0.93
dacc-spring,2,63,1828,smote,hc,bic-g,52.675,0.085,242,2057,968,la_llave.temp_min_t,3.42,0.68,0.73,0.88,0.64,0.91
dacc-temp,2,35,5516,smote,hc,loglik-g,39.195,0.115,496,4216,1984,agua_amarga.temp_min_t,2.25,0.88,0.77,0.92,0.7,0.95
dacc-temp,2,35,5516,smote,hc,loglik-g,42.909,0.13,567,4819,2268,las_paredes.temp_min_t,2.88,0.83,0.75,0.9,0.73,0.94
dacc-spring,2,63,1828,smote,hc,loglik-g,130.023,0.147,118,1003,472,junin.temp_min_t,2.79,0.72,0.49,0.92,0.46,0.95
dacc-temp,2,35,5516,smote,hc,loglik-g,54.043,0.156,698,5933,2792,la_llave.temp_min_t,3.02,0.84,0.79,0.89,0.74,0.92
dacc-temp,2,35,5516,smote,hc,aic-g,16.793,0.061,390,3315,1560,junin.temp_min_t,2.13,0.9,0.75,0.94,0.75,0.96
dacc-temp,2,35,5516,smote,hc,aic-g,55.637,0.177,1057,8984,4228,tunuyan.temp_min_t,2.75,0.86,0.84,0.9,0.85,0.93
dacc-temp,2,35,5516,smote,hc,aic-g,20.397,0.071,496,4216,1984,agua_amarga.temp_min_t,2.27,0.88,0.76,0.92,0.71,0.95
dacc-temp,2,35,5516,smote,hc,aic-g,25.957,0.1,567,4819,2268,las_paredes.temp_min_t,2.93,0.83,0.75,0.9,0.73,0.94
dacc,2,65,5516,smote,hc,bic-g,408.232,0.648,1057,8984,4228,tunuyan.temp_min_t,2.57,0.87,0.84,0.91,0.87,0.94
dacc-temp,2,35,5516,smote,hc,aic-g,30.029,0.107,698,5933,2792,la_llave.temp_min_t,3.03,0.84,0.79,0.89,0.74,0.92
dacc,2,65,5516,smote,hc,bic-g,126.838,0.175,496,4216,1984,agua_amarga.temp_min_t,2.03,0.9,0.75,0.93,0.77,0.96
dacc-spring,2,63,1828,smote,hc,loglik-g,367.717,0.359,347,2949,1388,tunuyan.temp_min_t,3.14,0.68,0.72,0.88,0.8,0.94
dacc-temp,2,35,5516,smote,hc,bge,224.324,0.049,390,3315,1560,junin.temp_min_t,2.13,0.9,0.72,0.94,0.76,0.97
dacc,2,65,5516,smote,hc,bic-g,166.769,0.218,567,4819,2268,las_paredes.temp_min_t,2.72,0.85,0.75,0.91,0.74,0.94
dacc-spring,2,63,1828,smote,hc,loglik-g,163.338,0.188,163,1385,652,agua_amarga.temp_min_t,2.63,0.73,0.58,0.91,0.54,0.95
dacc,2,65,5516,smote,hc,bic-g,231.613,0.292,698,5933,2792,la_llave.temp_min_t,2.96,0.85,0.83,0.9,0.75,0.92
dacc-spring,2,63,1828,smote,hc,loglik-g,220.195,0.231,216,1836,864,las_paredes.temp_min_t,3.31,0.67,0.74,0.88,0.54,0.9
dacc-spring,2,63,1828,smote,hc,loglik-g,241.72,0.253,242,2057,968,la_llave.temp_min_t,3.54,0.67,0.75,0.88,0.62,0.9
dacc-spring,2,63,1828,smote,hc,aic-g,46.633,0.073,118,1003,472,junin.temp_min_t,2.76,0.74,0.56,0.92,0.48,0.95
dacc-temp,2,35,5516,smote,hc,bge,655.786,0.129,1057,8984,4228,tunuyan.temp_min_t,2.75,0.86,0.83,0.9,0.85,0.93
dacc,2,65,5516,smote,hc,loglik-g,485.47,0.454,390,3315,1560,junin.temp_min_t,2.03,0.91,0.76,0.94,0.77,0.97
dacc-spring,2,63,1828,smote,hc,aic-g,174.683,0.205,347,2949,1388,tunuyan.temp_min_t,3.15,0.67,0.68,0.88,0.81,0.94
dacc-spring,2,63,1828,smote,hc,aic-g,64.746,0.094,163,1385,652,agua_amarga.temp_min_t,2.7,0.75,0.64,0.91,0.51,0.94
dacc-temp,2,35,5516,smote,hc,bge,250.052,0.06,496,4216,1984,agua_amarga.temp_min_t,2.25,0.88,0.76,0.92,0.72,0.95
dacc-spring,2,63,1828,smote,hc,aic-g,88.805,0.122,216,1836,864,las_paredes.temp_min_t,3.24,0.68,0.76,0.9,0.58,0.92
dacc-spring,2,63,1828,smote,hc,aic-g,108.491,0.143,242,2057,968,la_llave.temp_min_t,3.46,0.67,0.72,0.88,0.63,0.91
dacc-temp,2,35,5516,smote,hc,bge,320.78,0.064,567,4819,2268,las_paredes.temp_min_t,2.92,0.83,0.75,0.9,0.73,0.94
dacc-spring,2,63,1828,smote,hc,bge,435.729,0.049,118,1003,472,junin.temp_min_t,2.67,0.74,0.58,0.94,0.58,0.97
dacc-temp,2,35,5516,smote,hc,bge,448.472,0.079,698,5933,2792,la_llave.temp_min_t,3.04,0.84,0.79,0.89,0.73,0.92
dacc,2,65,5516,smote,hc,loglik-g,1380.844,1.147,1057,8984,4228,tunuyan.temp_min_t,2.59,0.87,0.83,0.91,0.87,0.94
dacc,2,65,5516,smote,hc,loglik-g,491.554,0.409,496,4216,1984,agua_amarga.temp_min_t,2.09,0.9,0.75,0.93,0.76,0.96
dacc,2,65,5516,smote,hc,loglik-g,612.604,0.615,567,4819,2268,las_paredes.temp_min_t,2.8,0.84,0.79,0.91,0.74,0.94
dacc-spring,2,63,1828,smote,hc,bge,2052.783,0.146,347,2949,1388,tunuyan.temp_min_t,2.98,0.7,0.69,0.88,0.84,0.95
dacc-spring,2,63,1828,smote,hc,bge,475.621,0.044,163,1385,652,agua_amarga.temp_min_t,2.61,0.76,0.64,0.92,0.56,0.95
dacc,2,65,5516,smote,hc,loglik-g,845.008,0.747,698,5933,2792,la_llave.temp_min_t,3.01,0.85,0.83,0.89,0.72,0.91
dacc,2,65,5516,smote,hc,aic-g,236.596,0.254,390,3315,1560,junin.temp_min_t,2.12,0.9,0.73,0.94,0.75,0.97
dacc-spring,2,63,1828,smote,hc,bge,700.554,0.082,216,1836,864,las_paredes.temp_min_t,3.01,0.68,0.63,0.89,0.58,0.93
dacc,2,65,5516,smote,hc,aic-g,790.122,0.749,1057,8984,4228,tunuyan.temp_min_t,2.61,0.87,0.81,0.9,0.87,0.94
dacc,2,65,5516,smote,hc,aic-g,292.759,0.299,496,4216,1984,agua_amarga.temp_min_t,2.11,0.9,0.73,0.92,0.74,0.96
dacc,2,65,5516,smote,hc,aic-g,354.594,0.386,567,4819,2268,las_paredes.temp_min_t,2.73,0.85,0.74,0.91,0.75,0.95
dacc-spring,2,63,1828,smote,hc,bge,1123.899,0.097,242,2057,968,la_llave.temp_min_t,3.28,0.68,0.62,0.88,0.68,0.94
dacc,2,65,5516,smote,hc,aic-g,480.354,0.471,698,5933,2792,la_llave.temp_min_t,2.9,0.85,0.83,0.9,0.76,0.92
dacc,2,65,5516,smote,hc,bge,1880.484,0.131,390,3315,1560,junin.temp_min_t,2.08,0.91,0.67,0.94,0.79,0.97
dacc,2,65,5516,smote,hc,bge,6551.929,0.419,1057,8984,4228,tunuyan.temp_min_t,2.58,0.87,0.84,0.91,0.87,0.94
dacc,2,65,5516,smote,hc,bge,2229.462,0.17,496,4216,1984,agua_amarga.temp_min_t,2.09,0.9,0.71,0.92,0.76,0.96
dacc,2,65,5516,smote,hc,bge,2728.019,0.194,567,4819,2268,las_paredes.temp_min_t,2.74,0.85,0.74,0.91,0.76,0.95
dacc,2,65,5516,smote,hc,bge,3943.134,0.251,698,5933,2792,la_llave.temp_min_t,2.91,0.85,0.82,0.9,0.75,0.92
dacc-temp,3,50,5515,smote,hc,bic-g,23.947,0.066,390,3315,1560,junin.temp_min_t,2.16,0.9,0.74,0.94,0.76,0.97
dacc-spring,3,92,1827,smote,hc,bic-g,56.989,0.076,118,1003,472,junin.temp_min_t,2.37,0.79,0.3,0.93,0.54,0.98
dacc-temp,3,50,5515,smote,hc,bic-g,98.366,0.233,1057,8984,4228,tunuyan.temp_min_t,2.78,0.85,0.82,0.9,0.85,0.93
dacc-temp,3,50,5515,smote,hc,bic-g,35.81,0.107,496,4216,1984,agua_amarga.temp_min_t,2.24,0.88,0.75,0.92,0.73,0.95
dacc-temp,3,50,5515,smote,hc,bic-g,48.586,0.113,567,4819,2268,las_paredes.temp_min_t,2.91,0.83,0.74,0.9,0.74,0.94
dacc-temp,3,50,5515,smote,hc,bic-g,52.829,0.139,698,5933,2792,la_llave.temp_min_t,3.03,0.84,0.81,0.9,0.75,0.92
dacc,3,95,5515,smote,hc,bic-g,304.59,0.275,390,3315,1560,junin.temp_min_t,2.13,0.9,0.67,0.93,0.75,0.97
dacc-spring,3,92,1827,smote,hc,bic-g,269.933,0.241,347,2949,1388,tunuyan.temp_min_t,2.98,0.71,0.73,0.89,0.82,0.94
dacc-temp,3,50,5515,smote,hc,loglik-g,143.632,0.22,390,3315,1560,junin.temp_min_t,2.19,0.9,0.75,0.94,0.75,0.96
dacc-spring,3,92,1827,smote,hc,bic-g,91.499,0.098,163,1385,652,agua_amarga.temp_min_t,2.56,0.74,0.55,0.92,0.58,0.96
dacc-spring,3,92,1827,smote,hc,bic-g,132.621,0.132,216,1836,864,las_paredes.temp_min_t,3.2,0.67,0.64,0.89,0.59,0.93
dacc-spring,3,92,1827,smote,hc,bic-g,169.468,0.162,242,2057,968,la_llave.temp_min_t,3.53,0.67,0.74,0.88,0.64,0.91
dacc-temp,3,50,5515,smote,hc,loglik-g,398.549,0.569,1057,8984,4228,tunuyan.temp_min_t,2.79,0.85,0.83,0.9,0.85,0.93
dacc-temp,3,50,5515,smote,hc,loglik-g,182.472,0.281,496,4216,1984,agua_amarga.temp_min_t,2.21,0.89,0.8,0.93,0.72,0.95
dacc-temp,3,50,5515,smote,hc,loglik-g,203.249,0.304,567,4819,2268,las_paredes.temp_min_t,2.94,0.83,0.74,0.9,0.73,0.94
dacc-spring,3,92,1827,smote,hc,loglik-g,691.299,0.364,118,1003,472,junin.temp_min_t,2.81,0.73,0.6,0.92,0.49,0.95
dacc-temp,3,50,5515,smote,hc,loglik-g,269.681,0.375,698,5933,2792,la_llave.temp_min_t,3.04,0.84,0.82,0.89,0.74,0.92
dacc-temp,3,50,5515,smote,hc,aic-g,57.576,0.115,390,3315,1560,junin.temp_min_t,2.18,0.9,0.78,0.94,0.74,0.96
dacc-temp,3,50,5515,smote,hc,aic-g,224.888,0.389,1057,8984,4228,tunuyan.temp_min_t,2.75,0.86,0.82,0.9,0.85,0.93
dacc-temp,3,50,5515,smote,hc,aic-g,81.626,0.158,496,4216,1984,agua_amarga.temp_min_t,2.24,0.88,0.75,0.92,0.72,0.95
dacc,3,95,5515,smote,hc,bic-g,1550.276,1.016,1057,8984,4228,tunuyan.temp_min_t,2.61,0.87,0.83,0.91,0.87,0.94
dacc-temp,3,50,5515,smote,hc,aic-g,92.731,0.167,567,4819,2268,las_paredes.temp_min_t,2.89,0.83,0.74,0.91,0.74,0.94
dacc-temp,3,50,5515,smote,hc,aic-g,126.155,0.229,698,5933,2792,la_llave.temp_min_t,3.04,0.84,0.79,0.89,0.74,0.92
dacc,3,95,5515,smote,hc,bic-g,474.378,0.346,496,4216,1984,agua_amarga.temp_min_t,2.09,0.9,0.71,0.92,0.73,0.96
dacc-temp,3,50,5515,smote,hc,bge,616.788,0.097,390,3315,1560,junin.temp_min_t,2.18,0.9,0.77,0.94,0.73,0.96
dacc,3,95,5515,smote,hc,bic-g,498.45,0.409,567,4819,2268,las_paredes.temp_min_t,2.75,0.84,0.72,0.91,0.77,0.95
dacc-spring,3,92,1827,smote,hc,loglik-g,2032.661,0.927,347,2949,1388,tunuyan.temp_min_t,3.05,0.69,0.67,0.87,0.81,0.94
dacc,3,95,5515,smote,hc,bic-g,651.019,0.417,698,5933,2792,la_llave.temp_min_t,2.9,0.86,0.83,0.9,0.76,0.93
dacc-spring,3,92,1827,smote,hc,loglik-g,933.236,0.459,163,1385,652,agua_amarga.temp_min_t,2.78,0.73,0.73,0.91,0.53,0.93
dacc-temp,3,50,5515,smote,hc,bge,2306.292,0.254,1057,8984,4228,tunuyan.temp_min_t,2.78,0.85,0.83,0.9,0.84,0.93
dacc-spring,3,92,1827,smote,hc,loglik-g,1267.316,0.596,216,1836,864,las_paredes.temp_min_t,3.1,0.67,0.72,0.9,0.6,0.93
dacc,3,95,5515,smote,hc,loglik-g,2249.727,0.874,390,3315,1560,junin.temp_min_t,2.17,0.9,0.73,0.93,0.73,0.96
dacc-temp,3,50,5515,smote,hc,bge,765.889,0.116,496,4216,1984,agua_amarga.temp_min_t,2.19,0.89,0.78,0.93,0.74,0.95
dacc-temp,3,50,5515,smote,hc,bge,852.832,0.104,567,4819,2268,las_paredes.temp_min_t,2.9,0.83,0.74,0.9,0.74,0.94
dacc-spring,3,92,1827,smote,hc,loglik-g,1288.778,0.497,242,2057,968,la_llave.temp_min_t,3.38,0.67,0.71,0.88,0.63,0.91
dacc-spring,3,92,1827,smote,hc,aic-g,180.688,0.157,118,1003,472,junin.temp_min_t,2.77,0.72,0.51,0.92,0.48,0.96
dacc-temp,3,50,5515,smote,hc,bge,728.115,0.123,698,5933,2792,la_llave.temp_min_t,3.02,0.84,0.78,0.89,0.74,0.92
dacc-spring,3,92,1827,smote,hc,aic-g,655.965,0.362,347,2949,1388,tunuyan.temp_min_t,3.12,0.68,0.64,0.87,0.8,0.94
dacc-spring,3,92,1827,smote,hc,aic-g,222.113,0.148,163,1385,652,agua_amarga.temp_min_t,2.92,0.73,0.65,0.91,0.51,0.94
dacc-spring,3,92,1827,smote,hc,aic-g,346.084,0.203,216,1836,864,las_paredes.temp_min_t,3.56,0.65,0.76,0.87,0.5,0.88
dacc-spring,3,92,1827,smote,hc,aic-g,403.406,0.231,242,2057,968,la_llave.temp_min_t,3.48,0.66,0.71,0.87,0.62,0.91
dacc-spring,3,92,1827,smote,hc,bge,869.162,0.063,118,1003,472,junin.temp_min_t,2.68,0.74,0.53,0.92,0.47,0.95
dacc,3,95,5515,smote,hc,loglik-g,5935.636,2.365,1057,8984,4228,tunuyan.temp_min_t,2.58,0.87,0.81,0.9,0.87,0.95
dacc,3,95,5515,smote,hc,loglik-g,2633.15,1.088,496,4216,1984,agua_amarga.temp_min_t,2.12,0.89,0.67,0.92,0.75,0.96
dacc-spring,3,92,1827,smote,hc,bge,5327.179,0.213,347,2949,1388,tunuyan.temp_min_t,2.97,0.71,0.71,0.89,0.84,0.95
dacc-spring,3,92,1827,smote,hc,bge,1352.721,0.085,163,1385,652,agua_amarga.temp_min_t,2.56,0.75,0.62,0.92,0.58,0.95
dacc,3,95,5515,smote,hc,loglik-g,3048.704,1.261,567,4819,2268,las_paredes.temp_min_t,2.8,0.84,0.77,0.9,0.72,0.93
dacc-spring,3,92,1827,smote,hc,bge,1957.37,0.115,216,1836,864,las_paredes.temp_min_t,2.98,0.7,0.64,0.9,0.6,0.94
dacc-spring,3,92,1827,smote,hc,bge,2705.873,0.137,242,2057,968,la_llave.temp_min_t,3.38,0.68,0.72,0.88,0.63,0.91
dacc,3,95,5515,smote,hc,loglik-g,3748.425,1.543,698,5933,2792,la_llave.temp_min_t,2.9,0.86,0.83,0.9,0.75,0.92
dacc,3,95,5515,smote,hc,aic-g,701.481,0.388,390,3315,1560,junin.temp_min_t,2.15,0.9,0.7,0.94,0.78,0.97
dacc,3,95,5515,smote,hc,aic-g,2886.967,1.315,1057,8984,4228,tunuyan.temp_min_t,2.62,0.87,0.82,0.91,0.88,0.95
dacc,3,95,5515,smote,hc,aic-g,998.141,0.535,496,4216,1984,agua_amarga.temp_min_t,2.05,0.9,0.72,0.93,0.76,0.96
dacc,3,95,5515,smote,hc,aic-g,1195.994,0.601,567,4819,2268,las_paredes.temp_min_t,2.81,0.84,0.79,0.91,0.73,0.93
dacc,3,95,5515,smote,hc,aic-g,1540.913,0.77,698,5933,2792,la_llave.temp_min_t,2.95,0.85,0.83,0.9,0.75,0.92
dacc,3,95,5515,smote,hc,bge,5681.994,0.234,390,3315,1560,junin.temp_min_t,2.06,0.91,0.65,0.93,0.77,0.97
dacc,3,95,5515,smote,hc,bge,29949.077,0.822,1057,8984,4228,tunuyan.temp_min_t,2.57,0.87,0.83,0.91,0.88,0.95
dacc,3,95,5515,smote,hc,bge,7801.269,0.305,496,4216,1984,agua_amarga.temp_min_t,2.13,0.89,0.67,0.92,0.74,0.96
dacc,3,95,5515,smote,hc,bge,9710.699,0.36,567,4819,2268,las_paredes.temp_min_t,2.7,0.85,0.74,0.91,0.75,0.95
dacc,3,95,5515,smote,hc,bge,15274.608,0.489,698,5933,2792,la_llave.temp_min_t,2.84,0.86,0.82,0.9,0.76,0.93
dacc-temp,3,50,5515,smote,tabu,bic-g,29.799,0.072,390,3315,1560,junin.temp_min_t,2.16,0.9,0.75,0.94,0.75,0.97
dacc-spring,3,92,1827,smote,tabu,bic-g,59.832,0.078,118,1003,472,junin.temp_min_t,2.56,0.76,0.47,0.93,0.51,0.97
dacc-temp,3,50,5515,smote,tabu,bic-g,96.136,0.217,1057,8984,4228,tunuyan.temp_min_t,2.76,0.86,0.82,0.9,0.86,0.94
dacc-temp,3,50,5515,smote,tabu,bic-g,36.711,0.092,496,4216,1984,agua_amarga.temp_min_t,2.24,0.89,0.81,0.93,0.72,0.95
dacc-temp,3,50,5515,smote,tabu,bic-g,40.863,0.116,567,4819,2268,las_paredes.temp_min_t,2.86,0.83,0.74,0.9,0.74,0.94
dacc-temp,3,50,5515,smote,tabu,bic-g,59.088,0.146,698,5933,2792,la_llave.temp_min_t,3.03,0.84,0.79,0.89,0.74,0.92
dacc,3,95,5515,smote,tabu,bic-g,329.308,0.269,390,3315,1560,junin.temp_min_t,2.05,0.91,0.65,0.93,0.78,0.97
dacc-spring,3,92,1827,smote,tabu,bic-g,277.671,0.236,347,2949,1388,tunuyan.temp_min_t,3.08,0.69,0.73,0.89,0.81,0.94
dacc-temp,3,50,5515,smote,tabu,loglik-g,150.544,0.225,390,3315,1560,junin.temp_min_t,2.18,0.9,0.77,0.94,0.74,0.96
dacc-spring,3,92,1827,smote,tabu,bic-g,98.43,0.106,163,1385,652,agua_amarga.temp_min_t,2.57,0.74,0.6,0.92,0.58,0.95
dacc-spring,3,92,1827,smote,tabu,bic-g,141.305,0.137,216,1836,864,las_paredes.temp_min_t,3.12,0.67,0.62,0.9,0.61,0.94
dacc-spring,3,92,1827,smote,tabu,bic-g,158.058,0.156,242,2057,968,la_llave.temp_min_t,3.4,0.68,0.7,0.88,0.65,0.92
dacc-temp,3,50,5515,smote,tabu,loglik-g,429.175,0.595,1057,8984,4228,tunuyan.temp_min_t,2.76,0.86,0.83,0.9,0.85,0.94
dacc-temp,3,50,5515,smote,tabu,loglik-g,189.776,0.29,496,4216,1984,agua_amarga.temp_min_t,2.29,0.88,0.76,0.92,0.71,0.95
dacc-temp,3,50,5515,smote,tabu,loglik-g,217.565,0.323,567,4819,2268,las_paredes.temp_min_t,2.93,0.83,0.75,0.9,0.7,0.93
dacc-spring,3,92,1827,smote,tabu,loglik-g,741.498,0.384,118,1003,472,junin.temp_min_t,3.14,0.65,0.47,0.91,0.42,0.95
dacc-temp,3,50,5515,smote,tabu,loglik-g,274.529,0.412,698,5933,2792,la_llave.temp_min_t,3.03,0.84,0.8,0.89,0.74,0.92
dacc-temp,3,50,5515,smote,tabu,aic-g,63.675,0.129,390,3315,1560,junin.temp_min_t,2.18,0.9,0.76,0.94,0.74,0.96
dacc-temp,3,50,5515,smote,tabu,aic-g,225.823,0.371,1057,8984,4228,tunuyan.temp_min_t,2.76,0.86,0.83,0.9,0.85,0.93
dacc,3,95,5515,smote,tabu,bic-g,1522.322,0.921,1057,8984,4228,tunuyan.temp_min_t,2.55,0.88,0.84,0.91,0.88,0.95
dacc-temp,3,50,5515,smote,tabu,aic-g,84.347,0.159,496,4216,1984,agua_amarga.temp_min_t,2.24,0.88,0.76,0.93,0.73,0.95
dacc-temp,3,50,5515,smote,tabu,aic-g,88.073,0.19,567,4819,2268,las_paredes.temp_min_t,2.9,0.83,0.77,0.9,0.72,0.93
dacc-temp,3,50,5515,smote,tabu,aic-g,121.172,0.22,698,5933,2792,la_llave.temp_min_t,3.03,0.84,0.79,0.89,0.74,0.92
dacc,3,95,5515,smote,tabu,bic-g,418.741,0.258,496,4216,1984,agua_amarga.temp_min_t,2.06,0.9,0.71,0.93,0.76,0.96
dacc,3,95,5515,smote,tabu,bic-g,507.702,0.312,567,4819,2268,las_paredes.temp_min_t,2.74,0.84,0.68,0.9,0.75,0.95
dacc-temp,3,50,5515,smote,tabu,bge,752.568,0.088,390,3315,1560,junin.temp_min_t,2.15,0.9,0.76,0.94,0.74,0.96
dacc,3,95,5515,smote,tabu,bic-g,688.608,0.528,698,5933,2792,la_llave.temp_min_t,2.89,0.86,0.83,0.9,0.75,0.92
dacc-spring,3,92,1827,smote,tabu,loglik-g,2080.526,0.926,347,2949,1388,tunuyan.temp_min_t,3.05,0.69,0.71,0.87,0.78,0.93
dacc-spring,3,92,1827,smote,tabu,loglik-g,934.579,0.465,163,1385,652,agua_amarga.temp_min_t,2.73,0.72,0.62,0.91,0.54,0.95
dacc-temp,3,50,5515,smote,tabu,bge,1810.772,0.21,1057,8984,4228,tunuyan.temp_min_t,2.76,0.86,0.83,0.9,0.85,0.93
dacc-temp,3,50,5515,smote,tabu,bge,544.298,0.081,496,4216,1984,agua_amarga.temp_min_t,2.3,0.88,0.76,0.92,0.71,0.95
dacc-spring,3,92,1827,smote,tabu,loglik-g,1223.797,0.591,216,1836,864,las_paredes.temp_min_t,3.17,0.68,0.72,0.88,0.53,0.9
dacc-temp,3,50,5515,smote,tabu,bge,745.909,0.097,567,4819,2268,las_paredes.temp_min_t,2.91,0.83,0.74,0.9,0.73,0.94
dacc,3,95,5515,smote,tabu,loglik-g,2782.064,1.165,390,3315,1560,junin.temp_min_t,2.09,0.91,0.71,0.93,0.75,0.97
dacc-temp,3,50,5515,smote,tabu,bge,1037.791,0.121,698,5933,2792,la_llave.temp_min_t,3.04,0.84,0.8,0.89,0.74,0.92
dacc-spring,3,92,1827,smote,tabu,loglik-g,1399.85,0.495,242,2057,968,la_llave.temp_min_t,3.48,0.66,0.71,0.88,0.63,0.91
dacc-spring,3,92,1827,smote,tabu,aic-g,157.318,0.109,118,1003,472,junin.temp_min_t,2.87,0.7,0.42,0.92,0.49,0.97
dacc-spring,3,92,1827,smote,tabu,aic-g,653.042,0.361,347,2949,1388,tunuyan.temp_min_t,3.03,0.7,0.71,0.88,0.8,0.94
dacc-spring,3,92,1827,smote,tabu,aic-g,239.415,0.148,163,1385,652,agua_amarga.temp_min_t,2.81,0.73,0.73,0.92,0.55,0.94
dacc-spring,3,92,1827,smote,tabu,aic-g,336.359,0.198,216,1836,864,las_paredes.temp_min_t,3.19,0.68,0.76,0.91,0.63,0.93
dacc-spring,3,92,1827,smote,tabu,aic-g,427.335,0.233,242,2057,968,la_llave.temp_min_t,3.52,0.66,0.7,0.87,0.6,0.9
dacc-spring,3,92,1827,smote,tabu,bge,1042.573,0.07,118,1003,472,junin.temp_min_t,2.67,0.73,0.42,0.93,0.51,0.97
dacc,3,95,5515,smote,tabu,loglik-g,6090.178,2.351,1057,8984,4228,tunuyan.temp_min_t,2.56,0.88,0.84,0.91,0.88,0.95
dacc,3,95,5515,smote,tabu,loglik-g,2691.146,1.097,496,4216,1984,agua_amarga.temp_min_t,2.14,0.89,0.73,0.93,0.75,0.96
dacc-spring,3,92,1827,smote,tabu,bge,5307.334,0.219,347,2949,1388,tunuyan.temp_min_t,2.91,0.72,0.7,0.88,0.82,0.95
dacc-spring,3,92,1827,smote,tabu,bge,1292.239,0.084,163,1385,652,agua_amarga.temp_min_t,2.66,0.74,0.65,0.92,0.56,0.95
dacc,3,95,5515,smote,tabu,loglik-g,3036.911,1.266,567,4819,2268,las_paredes.temp_min_t,2.81,0.84,0.75,0.9,0.71,0.93
dacc-spring,3,92,1827,smote,tabu,bge,2158.234,0.117,216,1836,864,las_paredes.temp_min_t,3.33,0.67,0.77,0.89,0.55,0.9
dacc-spring,3,92,1827,smote,tabu,bge,2634.494,0.132,242,2057,968,la_llave.temp_min_t,3.34,0.67,0.69,0.89,0.7,0.94
dacc,3,95,5515,smote,tabu,loglik-g,3807.67,1.54,698,5933,2792,la_llave.temp_min_t,2.94,0.85,0.82,0.9,0.75,0.92
dacc,3,95,5515,smote,tabu,aic-g,767.316,0.411,390,3315,1560,junin.temp_min_t,2.11,0.91,0.74,0.93,0.74,0.96
dacc,3,95,5515,smote,tabu,aic-g,2817.91,1.268,1057,8984,4228,tunuyan.temp_min_t,2.57,0.87,0.82,0.91,0.88,0.95
dacc,3,95,5515,smote,tabu,aic-g,961.179,0.501,496,4216,1984,agua_amarga.temp_min_t,2.07,0.9,0.72,0.93,0.76,0.96
dacc,3,95,5515,smote,tabu,aic-g,1181.895,0.592,567,4819,2268,las_paredes.temp_min_t,2.75,0.85,0.76,0.91,0.73,0.94
dacc,3,95,5515,smote,tabu,aic-g,1531.453,0.754,698,5933,2792,la_llave.temp_min_t,2.97,0.85,0.84,0.9,0.74,0.91
dacc,3,95,5515,smote,tabu,bge,5487.188,0.238,390,3315,1560,junin.temp_min_t,2.12,0.9,0.66,0.93,0.76,0.97
dacc,3,95,5515,smote,tabu,bge,30057.208,0.828,1057,8984,4228,tunuyan.temp_min_t,2.57,0.87,0.84,0.91,0.87,0.94
dacc,3,95,5515,smote,tabu,bge,9174.088,0.318,496,4216,1984,agua_amarga.temp_min_t,2.1,0.9,0.66,0.92,0.75,0.96
dacc,3,95,5515,smote,tabu,bge,10317.588,0.372,567,4819,2268,las_paredes.temp_min_t,2.79,0.84,0.76,0.91,0.73,0.94
dacc,3,95,5515,smote,tabu,bge,14995.052,0.473,698,5933,2792,la_llave.temp_min_t,2.96,0.85,0.82,0.9,0.76,0.93
dacc-temp,3,50,5515,normal,tabu,bic-g,17.651,0.049,NA,3749,NA,junin.temp_min_t,2.14,0.9,0.59,0.94,0.86,0.99
dacc-temp,3,50,5515,normal,tabu,bic-g,17.651,0.049,NA,3749,NA,tunuyan.temp_min_t,2.77,0.86,0.78,0.89,0.86,0.94
dacc-temp,3,50,5515,normal,tabu,bic-g,17.651,0.049,NA,3749,NA,agua_amarga.temp_min_t,2.23,0.88,0.62,0.92,0.78,0.97
dacc-temp,3,50,5515,normal,tabu,bic-g,17.651,0.049,NA,3749,NA,las_paredes.temp_min_t,2.81,0.83,0.64,0.91,0.82,0.97
dacc-temp,3,50,5515,normal,tabu,bic-g,17.651,0.049,NA,3749,NA,la_llave.temp_min_t,3.03,0.84,0.67,0.89,0.8,0.95
dacc-spring,3,92,1827,normal,tabu,bic-g,44.268,0.112,NA,1241,NA,junin.temp_min_t,2.28,0.8,0.3,0.94,0.65,0.99
dacc-spring,3,92,1827,normal,tabu,bic-g,44.268,0.112,NA,1241,NA,tunuyan.temp_min_t,3.09,0.69,0.6,0.87,0.84,0.96
dacc-spring,3,92,1827,normal,tabu,bic-g,44.268,0.112,NA,1241,NA,agua_amarga.temp_min_t,2.44,0.76,0.6,0.93,0.61,0.96
dacc-spring,3,92,1827,normal,tabu,bic-g,44.268,0.112,NA,1241,NA,las_paredes.temp_min_t,2.77,0.71,0.53,0.92,0.84,0.98
dacc-spring,3,92,1827,normal,tabu,bic-g,44.268,0.112,NA,1241,NA,la_llave.temp_min_t,3.31,0.67,0.67,0.89,0.7,0.94
dacc-temp,3,50,5515,normal,tabu,loglik-g,166.235,0.484,NA,3749,NA,junin.temp_min_t,2.13,0.9,0.6,0.93,0.83,0.98
dacc-temp,3,50,5515,normal,tabu,loglik-g,166.235,0.484,NA,3749,NA,tunuyan.temp_min_t,2.75,0.86,0.78,0.9,0.87,0.95
dacc-temp,3,50,5515,normal,tabu,loglik-g,166.235,0.484,NA,3749,NA,agua_amarga.temp_min_t,2.22,0.88,0.63,0.92,0.78,0.97
dacc-temp,3,50,5515,normal,tabu,loglik-g,166.235,0.484,NA,3749,NA,las_paredes.temp_min_t,2.82,0.83,0.64,0.91,0.81,0.97
dacc-temp,3,50,5515,normal,tabu,loglik-g,166.235,0.484,NA,3749,NA,la_llave.temp_min_t,3.02,0.84,0.67,0.89,0.79,0.95
dacc,3,95,5515,normal,tabu,bic-g,315.583,0.255,NA,3749,NA,junin.temp_min_t,2.01,0.91,0.58,0.94,0.88,0.99
dacc,3,95,5515,normal,tabu,bic-g,315.583,0.255,NA,3749,NA,tunuyan.temp_min_t,2.6,0.87,0.8,0.91,0.89,0.95
dacc,3,95,5515,normal,tabu,bic-g,315.583,0.255,NA,3749,NA,agua_amarga.temp_min_t,2.04,0.9,0.61,0.92,0.77,0.97
dacc,3,95,5515,normal,tabu,bic-g,315.583,0.255,NA,3749,NA,las_paredes.temp_min_t,2.68,0.85,0.61,0.9,0.82,0.97
dacc,3,95,5515,normal,tabu,bic-g,315.583,0.255,NA,3749,NA,la_llave.temp_min_t,2.87,0.86,0.69,0.9,0.83,0.96
dacc-spring,3,92,1827,normal,tabu,loglik-g,832.413,0.42,NA,1241,NA,junin.temp_min_t,2.36,0.79,0.47,0.94,0.62,0.98
dacc-spring,3,92,1827,normal,tabu,loglik-g,832.413,0.42,NA,1241,NA,tunuyan.temp_min_t,3.04,0.7,0.61,0.86,0.82,0.95
dacc-spring,3,92,1827,normal,tabu,loglik-g,832.413,0.42,NA,1241,NA,agua_amarga.temp_min_t,2.39,0.76,0.49,0.92,0.61,0.97
dacc-spring,3,92,1827,normal,tabu,loglik-g,832.413,0.42,NA,1241,NA,las_paredes.temp_min_t,2.96,0.69,0.6,0.89,0.58,0.93
dacc-spring,3,92,1827,normal,tabu,loglik-g,832.413,0.42,NA,1241,NA,la_llave.temp_min_t,3.26,0.68,0.64,0.88,0.67,0.93
dacc,3,95,5515,normal,tabu,loglik-g,2430.226,0.963,NA,3749,NA,junin.temp_min_t,2.01,0.91,0.61,0.94,0.87,0.99
dacc,3,95,5515,normal,tabu,loglik-g,2430.226,0.963,NA,3749,NA,tunuyan.temp_min_t,2.63,0.87,0.76,0.9,0.9,0.96
dacc,3,95,5515,normal,tabu,loglik-g,2430.226,0.963,NA,3749,NA,agua_amarga.temp_min_t,2.07,0.9,0.6,0.92,0.79,0.97
dacc,3,95,5515,normal,tabu,loglik-g,2430.226,0.963,NA,3749,NA,las_paredes.temp_min_t,2.69,0.85,0.65,0.9,0.79,0.96
dacc,3,95,5515,normal,tabu,loglik-g,2430.226,0.963,NA,3749,NA,la_llave.temp_min_t,2.85,0.86,0.74,0.9,0.8,0.95
dacc-temp,3,50,5515,normal,hc,bic-g,23.61,0.072,NA,3749,NA,junin.temp_min_t,2.14,0.9,0.59,0.94,0.86,0.99
dacc-temp,3,50,5515,normal,hc,bic-g,23.61,0.072,NA,3749,NA,tunuyan.temp_min_t,2.77,0.86,0.78,0.89,0.86,0.94
dacc-temp,3,50,5515,normal,hc,bic-g,23.61,0.072,NA,3749,NA,agua_amarga.temp_min_t,2.23,0.88,0.62,0.92,0.78,0.97
dacc-temp,3,50,5515,normal,hc,bic-g,23.61,0.072,NA,3749,NA,las_paredes.temp_min_t,2.81,0.83,0.64,0.91,0.82,0.97
dacc-temp,3,50,5515,normal,hc,bic-g,23.61,0.072,NA,3749,NA,la_llave.temp_min_t,3.03,0.84,0.67,0.89,0.8,0.95
dacc-spring,3,92,1827,normal,hc,bic-g,57.617,0.079,NA,1241,NA,junin.temp_min_t,2.28,0.8,0.3,0.94,0.65,0.99
dacc-spring,3,92,1827,normal,hc,bic-g,57.617,0.079,NA,1241,NA,tunuyan.temp_min_t,3.09,0.69,0.6,0.87,0.84,0.96
dacc-spring,3,92,1827,normal,hc,bic-g,57.617,0.079,NA,1241,NA,agua_amarga.temp_min_t,2.44,0.76,0.6,0.93,0.61,0.96
dacc-spring,3,92,1827,normal,hc,bic-g,57.617,0.079,NA,1241,NA,las_paredes.temp_min_t,2.77,0.71,0.53,0.92,0.84,0.98
dacc-spring,3,92,1827,normal,hc,bic-g,57.617,0.079,NA,1241,NA,la_llave.temp_min_t,3.31,0.67,0.67,0.89,0.7,0.94
dacc-temp,3,50,5515,normal,hc,loglik-g,192.353,0.497,NA,3749,NA,junin.temp_min_t,2.13,0.9,0.6,0.93,0.83,0.98
dacc-temp,3,50,5515,normal,hc,loglik-g,192.353,0.497,NA,3749,NA,tunuyan.temp_min_t,2.75,0.86,0.78,0.9,0.87,0.95
dacc-temp,3,50,5515,normal,hc,loglik-g,192.353,0.497,NA,3749,NA,agua_amarga.temp_min_t,2.22,0.88,0.63,0.92,0.78,0.97
dacc-temp,3,50,5515,normal,hc,loglik-g,192.353,0.497,NA,3749,NA,las_paredes.temp_min_t,2.82,0.83,0.64,0.91,0.81,0.97
dacc-temp,3,50,5515,normal,hc,loglik-g,192.353,0.497,NA,3749,NA,la_llave.temp_min_t,3.02,0.84,0.67,0.89,0.79,0.95
dacc,3,95,5515,normal,hc,bic-g,288.482,0.268,NA,3749,NA,junin.temp_min_t,2.01,0.91,0.58,0.94,0.88,0.99
dacc,3,95,5515,normal,hc,bic-g,288.482,0.268,NA,3749,NA,tunuyan.temp_min_t,2.6,0.87,0.8,0.91,0.89,0.95
dacc,3,95,5515,normal,hc,bic-g,288.482,0.268,NA,3749,NA,agua_amarga.temp_min_t,2.04,0.9,0.61,0.92,0.77,0.97
dacc,3,95,5515,normal,hc,bic-g,288.482,0.268,NA,3749,NA,las_paredes.temp_min_t,2.68,0.85,0.61,0.9,0.82,0.97
dacc,3,95,5515,normal,hc,bic-g,288.482,0.268,NA,3749,NA,la_llave.temp_min_t,2.87,0.86,0.69,0.9,0.83,0.96
dacc-spring,3,92,1827,normal,hc,loglik-g,837.793,0.434,NA,1241,NA,junin.temp_min_t,2.36,0.79,0.47,0.94,0.62,0.98
dacc-spring,3,92,1827,normal,hc,loglik-g,837.793,0.434,NA,1241,NA,tunuyan.temp_min_t,3.04,0.7,0.61,0.86,0.82,0.95
dacc-spring,3,92,1827,normal,hc,loglik-g,837.793,0.434,NA,1241,NA,agua_amarga.temp_min_t,2.39,0.76,0.49,0.92,0.61,0.97
dacc-spring,3,92,1827,normal,hc,loglik-g,837.793,0.434,NA,1241,NA,las_paredes.temp_min_t,2.96,0.69,0.6,0.89,0.58,0.93
dacc-spring,3,92,1827,normal,hc,loglik-g,837.793,0.434,NA,1241,NA,la_llave.temp_min_t,3.26,0.68,0.64,0.88,0.67,0.93
dacc,3,95,5515,normal,hc,loglik-g,2367.667,0.965,NA,3749,NA,junin.temp_min_t,2.01,0.91,0.61,0.94,0.87,0.99
dacc,3,95,5515,normal,hc,loglik-g,2367.667,0.965,NA,3749,NA,tunuyan.temp_min_t,2.63,0.87,0.76,0.9,0.9,0.96
dacc,3,95,5515,normal,hc,loglik-g,2367.667,0.965,NA,3749,NA,agua_amarga.temp_min_t,2.07,0.9,0.6,0.92,0.79,0.97
dacc,3,95,5515,normal,hc,loglik-g,2367.667,0.965,NA,3749,NA,las_paredes.temp_min_t,2.69,0.85,0.65,0.9,0.79,0.96
dacc,3,95,5515,normal,hc,loglik-g,2367.667,0.965,NA,3749,NA,la_llave.temp_min_t,2.85,0.86,0.74,0.9,0.8,0.95
dacc-temp,3,50,5515,normal,hc,aic-g,61.016,0.249,NA,3749,NA,junin.temp_min_t,2.12,0.9,0.6,0.94,0.84,0.98
dacc-temp,3,50,5515,normal,hc,aic-g,61.016,0.249,NA,3749,NA,tunuyan.temp_min_t,2.75,0.86,0.79,0.9,0.87,0.95
dacc-temp,3,50,5515,normal,hc,aic-g,61.016,0.249,NA,3749,NA,agua_amarga.temp_min_t,2.22,0.88,0.62,0.92,0.78,0.97
dacc-temp,3,50,5515,normal,hc,aic-g,61.016,0.249,NA,3749,NA,las_paredes.temp_min_t,2.82,0.83,0.63,0.91,0.81,0.97
dacc-temp,3,50,5515,normal,hc,aic-g,61.016,0.249,NA,3749,NA,la_llave.temp_min_t,3.02,0.84,0.67,0.89,0.8,0.95
dacc-spring,3,92,1827,normal,hc,aic-g,199.311,0.149,NA,1241,NA,junin.temp_min_t,2.34,0.79,0.42,0.94,0.62,0.98
dacc-spring,3,92,1827,normal,hc,aic-g,199.311,0.149,NA,1241,NA,tunuyan.temp_min_t,3.08,0.69,0.63,0.87,0.85,0.96
dacc-spring,3,92,1827,normal,hc,aic-g,199.311,0.149,NA,1241,NA,agua_amarga.temp_min_t,2.41,0.77,0.58,0.93,0.63,0.96
dacc-spring,3,92,1827,normal,hc,aic-g,199.311,0.149,NA,1241,NA,las_paredes.temp_min_t,2.99,0.68,0.6,0.9,0.62,0.94
dacc-spring,3,92,1827,normal,hc,aic-g,199.311,0.149,NA,1241,NA,la_llave.temp_min_t,3.26,0.68,0.64,0.89,0.69,0.94
dacc,3,95,5515,normal,hc,aic-g,856.109,0.544,NA,3749,NA,junin.temp_min_t,2,0.91,0.6,0.94,0.88,0.99
dacc,3,95,5515,normal,hc,aic-g,856.109,0.544,NA,3749,NA,tunuyan.temp_min_t,2.61,0.88,0.77,0.9,0.89,0.95
dacc,3,95,5515,normal,hc,aic-g,856.109,0.544,NA,3749,NA,agua_amarga.temp_min_t,2.07,0.9,0.59,0.92,0.79,0.97
dacc,3,95,5515,normal,hc,aic-g,856.109,0.544,NA,3749,NA,las_paredes.temp_min_t,2.68,0.85,0.64,0.91,0.82,0.97
dacc,3,95,5515,normal,hc,aic-g,856.109,0.544,NA,3749,NA,la_llave.temp_min_t,2.85,0.86,0.74,0.9,0.8,0.95
dacc-temp,3,50,5515,normal,tabu,aic-g,62.772,0.113,NA,3749,NA,junin.temp_min_t,2.12,0.9,0.6,0.94,0.84,0.98
dacc-temp,3,50,5515,normal,tabu,aic-g,62.772,0.113,NA,3749,NA,tunuyan.temp_min_t,2.75,0.86,0.79,0.9,0.87,0.95
dacc-temp,3,50,5515,normal,tabu,aic-g,62.772,0.113,NA,3749,NA,agua_amarga.temp_min_t,2.22,0.88,0.62,0.92,0.78,0.97
dacc-temp,3,50,5515,normal,tabu,aic-g,62.772,0.113,NA,3749,NA,las_paredes.temp_min_t,2.82,0.83,0.63,0.91,0.81,0.97
dacc-temp,3,50,5515,normal,tabu,aic-g,62.772,0.113,NA,3749,NA,la_llave.temp_min_t,3.02,0.84,0.67,0.89,0.8,0.95
dacc-spring,3,92,1827,normal,tabu,aic-g,183.947,0.143,NA,1241,NA,junin.temp_min_t,2.34,0.79,0.42,0.94,0.62,0.98
dacc-spring,3,92,1827,normal,tabu,aic-g,183.947,0.143,NA,1241,NA,tunuyan.temp_min_t,3.08,0.69,0.63,0.87,0.85,0.96
dacc-spring,3,92,1827,normal,tabu,aic-g,183.947,0.143,NA,1241,NA,agua_amarga.temp_min_t,2.41,0.77,0.58,0.93,0.63,0.96
dacc-spring,3,92,1827,normal,tabu,aic-g,183.947,0.143,NA,1241,NA,las_paredes.temp_min_t,2.99,0.68,0.6,0.9,0.62,0.94
dacc-spring,3,92,1827,normal,tabu,aic-g,183.947,0.143,NA,1241,NA,la_llave.temp_min_t,3.26,0.68,0.64,0.89,0.69,0.94
dacc,3,95,5515,normal,tabu,aic-g,815.985,0.394,NA,3749,NA,junin.temp_min_t,2,0.91,0.6,0.94,0.88,0.99
dacc,3,95,5515,normal,tabu,aic-g,815.985,0.394,NA,3749,NA,tunuyan.temp_min_t,2.61,0.88,0.77,0.9,0.89,0.95
dacc,3,95,5515,normal,tabu,aic-g,815.985,0.394,NA,3749,NA,agua_amarga.temp_min_t,2.07,0.9,0.59,0.92,0.79,0.97
dacc,3,95,5515,normal,tabu,aic-g,815.985,0.394,NA,3749,NA,las_paredes.temp_min_t,2.68,0.85,0.64,0.91,0.82,0.97
dacc,3,95,5515,normal,tabu,aic-g,815.985,0.394,NA,3749,NA,la_llave.temp_min_t,2.85,0.86,0.74,0.9,0.8,0.95
dacc-temp,3,50,5515,normal,tabu,bge,316.625,0.064,NA,3749,NA,junin.temp_min_t,2.12,0.9,0.6,0.94,0.85,0.98
dacc-temp,3,50,5515,normal,tabu,bge,316.625,0.064,NA,3749,NA,tunuyan.temp_min_t,2.75,0.86,0.78,0.9,0.87,0.95
dacc-temp,3,50,5515,normal,tabu,bge,316.625,0.064,NA,3749,NA,agua_amarga.temp_min_t,2.22,0.88,0.61,0.92,0.77,0.97
dacc-temp,3,50,5515,normal,tabu,bge,316.625,0.064,NA,3749,NA,las_paredes.temp_min_t,2.81,0.83,0.64,0.91,0.82,0.97
dacc-temp,3,50,5515,normal,tabu,bge,316.625,0.064,NA,3749,NA,la_llave.temp_min_t,3.02,0.84,0.67,0.89,0.8,0.95
dacc-spring,3,92,1827,normal,tabu,bge,724.853,0.066,NA,1241,NA,junin.temp_min_t,2.28,0.8,0.3,0.94,0.65,0.99
dacc-spring,3,92,1827,normal,tabu,bge,724.853,0.066,NA,1241,NA,tunuyan.temp_min_t,3.09,0.69,0.62,0.87,0.83,0.96
dacc-spring,3,92,1827,normal,tabu,bge,724.853,0.066,NA,1241,NA,agua_amarga.temp_min_t,2.44,0.76,0.6,0.93,0.61,0.96
dacc-spring,3,92,1827,normal,tabu,bge,724.853,0.066,NA,1241,NA,las_paredes.temp_min_t,2.81,0.7,0.5,0.91,0.78,0.98
dacc-spring,3,92,1827,normal,tabu,bge,724.853,0.066,NA,1241,NA,la_llave.temp_min_t,3.27,0.68,0.64,0.89,0.71,0.95
dacc,3,95,5515,normal,tabu,bge,5081.679,0.238,NA,3749,NA,junin.temp_min_t,2,0.91,0.61,0.94,0.85,0.98
dacc,3,95,5515,normal,tabu,bge,5081.679,0.238,NA,3749,NA,tunuyan.temp_min_t,2.58,0.88,0.81,0.91,0.89,0.95
dacc,3,95,5515,normal,tabu,bge,5081.679,0.238,NA,3749,NA,agua_amarga.temp_min_t,2.08,0.9,0.57,0.92,0.78,0.97
dacc,3,95,5515,normal,tabu,bge,5081.679,0.238,NA,3749,NA,las_paredes.temp_min_t,2.69,0.85,0.62,0.91,0.81,0.97
dacc,3,95,5515,normal,tabu,bge,5081.679,0.238,NA,3749,NA,la_llave.temp_min_t,2.88,0.86,0.68,0.9,0.82,0.96
dacc-temp,3,50,5515,normal,hc,bge,267.227,0.059,NA,3749,NA,junin.temp_min_t,2.12,0.9,0.6,0.94,0.85,0.98
dacc-temp,3,50,5515,normal,hc,bge,267.227,0.059,NA,3749,NA,tunuyan.temp_min_t,2.75,0.86,0.78,0.9,0.87,0.95
dacc-temp,3,50,5515,normal,hc,bge,267.227,0.059,NA,3749,NA,agua_amarga.temp_min_t,2.22,0.88,0.61,0.92,0.77,0.97
dacc-temp,3,50,5515,normal,hc,bge,267.227,0.059,NA,3749,NA,las_paredes.temp_min_t,2.81,0.83,0.64,0.91,0.82,0.97
dacc-temp,3,50,5515,normal,hc,bge,267.227,0.059,NA,3749,NA,la_llave.temp_min_t,3.02,0.84,0.67,0.89,0.8,0.95
dacc-spring,3,92,1827,normal,hc,bge,713.043,0.065,NA,1241,NA,junin.temp_min_t,2.28,0.8,0.3,0.94,0.65,0.99
dacc-spring,3,92,1827,normal,hc,bge,713.043,0.065,NA,1241,NA,tunuyan.temp_min_t,3.09,0.69,0.62,0.87,0.83,0.96
dacc-spring,3,92,1827,normal,hc,bge,713.043,0.065,NA,1241,NA,agua_amarga.temp_min_t,2.44,0.76,0.6,0.93,0.61,0.96
dacc-spring,3,92,1827,normal,hc,bge,713.043,0.065,NA,1241,NA,las_paredes.temp_min_t,2.81,0.7,0.5,0.91,0.78,0.98
dacc-spring,3,92,1827,normal,hc,bge,713.043,0.065,NA,1241,NA,la_llave.temp_min_t,3.27,0.68,0.64,0.89,0.71,0.95
dacc,3,95,5515,normal,hc,bge,4974.566,0.236,NA,3749,NA,junin.temp_min_t,2,0.91,0.61,0.94,0.85,0.98
dacc,3,95,5515,normal,hc,bge,4974.566,0.236,NA,3749,NA,tunuyan.temp_min_t,2.58,0.88,0.81,0.91,0.89,0.95
dacc,3,95,5515,normal,hc,bge,4974.566,0.236,NA,3749,NA,agua_amarga.temp_min_t,2.08,0.9,0.57,0.92,0.78,0.97
dacc,3,95,5515,normal,hc,bge,4974.566,0.236,NA,3749,NA,las_paredes.temp_min_t,2.69,0.85,0.62,0.91,0.81,0.97
dacc,3,95,5515,normal,hc,bge,4974.566,0.236,NA,3749,NA,la_llave.temp_min_t,2.88,0.86,0.68,0.9,0.82,0.96
